Date,Corn,Ethanol,Blender_cost,Gasoline,Corn_cost_per_gallon,Ethanol_geg,Year,Month,Alcoholic beverages at home,Beef and veal,Breakfast cereal,"Cakes, cupcakes, and cookies",Carbonated drinks,Cereals and cereal products,Dairy and related products,Fats and oils,Fish and seafood,Flour and prepared flour mixes,Food,Frozen vegetables,Fruits and vegetables,Ham,Meats,Poultry,"Rice, pasta, cornmeal"
1982-01-01,2.54,1.75,1.15,1.04,0.9407407407407407,2.6119402985074625,1982,1,95.0,98.0,93.1,94.2,96.7,96.8,98.3,96.8,98.9,97.8,95.8,93.3,98.1,94.4,96.0,95.3,102.0
1982-02-01,2.44,1.7,1.1,1.01,0.9037037037037037,2.5373134328358207,1982,2,95.8,98.8,94.1,94.4,97.6,97.5,98.6,96.4,99.0,97.8,96.6,94.0,100.4,94.3,96.9,96.1,102.9
1982-03-01,2.46,1.66,1.06,0.95,0.911111111111111,2.477611940298507,1982,3,96.3,98.9,94.3,94.8,98.0,97.4,98.6,96.1,99.7,97.9,96.4,94.2,97.6,95.8,97.3,95.6,102.1
1982-04-01,2.55,1.7,1.1,0.9,0.9444444444444443,2.5373134328358207,1982,4,96.7,100.0,94.4,95.2,97.6,97.2,99.0,96.4,101.2,98.2,96.8,95.5,97.9,93.4,98.2,94.9,101.0
1982-05-01,2.6,1.7,1.1,0.94,0.9629629629629629,2.5373134328358207,1982,5,97.0,102.3,94.6,95.5,98.1,97.8,98.8,96.4,97.0,99.7,97.3,95.5,99.2,97.1,100.4,96.2,101.4
1982-06-01,2.57,1.7,1.1,1.05,0.9518518518518517,2.5373134328358207,1982,6,97.0,104.9,94.8,95.6,97.8,97.8,98.5,96.5,96.8,99.9,98.1,96.6,101.8,98.4,103.2,97.0,100.9
1982-07-01,2.5,1.7,1.1,1.06,0.9259259259259258,2.5373134328358207,1982,7,97.4,104.3,94.9,95.3,97.2,98.0,99.0,96.0,98.1,100.9,98.3,97.3,99.8,100.3,103.8,98.0,100.5
1982-08-01,2.3,1.7,1.1,1.05,0.8518518518518517,2.5373134328358207,1982,8,97.8,102.1,95.1,95.4,97.8,97.8,99.0,95.6,97.4,99.5,97.9,98.0,97.0,101.4,103.0,96.3,100.8
1982-09-01,2.15,1.7,1.1,1.03,0.7962962962962962,2.5373134328358207,1982,9,97.7,101.6,95.3,96.0,97.9,97.6,98.8,95.6,97.9,99.4,98.0,98.2,94.6,104.6,103.7,96.3,100.1
1982-10-01,1.98,1.69,1.0899999999999999,1.02,0.7333333333333333,2.5223880597014925,1982,10,97.9,99.1,95.6,96.4,99.1,97.5,98.8,95.6,97.3,98.3,97.8,98.0,93.5,108.2,102.4,95.9,99.7
1982-11-01,2.13,1.72,1.12,0.99,0.7888888888888888,2.5671641791044775,1982,11,97.9,99.0,95.5,97.0,98.8,97.0,98.9,95.7,97.1,97.9,97.6,98.8,91.9,109.1,101.9,94.3,98.7
1982-12-01,2.26,1.75,1.15,0.96,0.8370370370370369,2.6119402985074625,1982,12,97.8,98.3,95.9,97.3,97.8,97.1,99.1,95.7,97.9,98.1,97.6,97.8,92.4,110.7,101.0,93.5,98.1
1983-01-01,2.36,1.69,1.0899999999999999,0.92,0.874074074074074,2.5223880597014925,1983,1,98.1,98.7,96.0,97.8,99.7,97.5,99.8,96.0,99.8,98.6,98.2,99.3,92.0,110.8,101.4,93.9,98.9
1983-02-01,2.56,1.68,1.08,0.88,0.9481481481481481,2.507462686567164,1983,2,99.0,99.1,96.6,98.1,100.2,97.5,99.9,95.5,100.5,98.3,98.5,100.3,92.6,108.6,101.7,95.2,98.1
1983-03-01,2.71,1.64,1.04,0.86,1.0037037037037035,2.4477611940298503,1983,3,100.0,99.3,97.8,98.5,100.3,98.1,99.8,95.6,100.7,98.0,99.0,99.3,95.5,109.1,101.6,95.1,98.6
1983-04-01,2.95,1.7,1.1,0.9,1.0925925925925926,2.5373134328358207,1983,4,100.4,101.7,99.2,99.4,100.1,98.8,100.0,95.7,100.5,98.6,99.5,100.1,98.2,103.4,101.8,93.8,98.5
1983-05-01,3.03,1.7,1.1,0.94,1.122222222222222,2.5373134328358207,1983,5,100.6,102.4,100.3,99.1,99.9,99.4,100.1,95.6,98.7,99.3,99.7,100.3,99.3,100.0,101.6,94.3,97.8
1983-06-01,3.04,1.7,1.1,0.95,1.1259259259259258,2.5373134328358207,1983,6,100.8,101.4,100.7,99.0,99.8,99.9,99.9,95.6,98.3,100.0,99.5,100.4,99.3,98.2,100.6,95.0,98.7
1983-07-01,3.13,1.7,1.1,0.95,1.1592592592592592,2.5373134328358207,1983,7,101.1,100.4,100.9,99.6,99.2,100.2,99.9,95.8,97.7,100.4,99.5,100.6,99.5,96.5,99.7,97.3,98.9
1983-08-01,3.35,1.73,1.13,0.95,1.2407407407407407,2.5820895522388057,1983,8,100.8,98.5,101.2,99.7,99.8,100.4,100.1,95.5,98.7,101.2,99.6,101.4,99.7,96.9,98.4,98.4,98.3
1983-09-01,3.32,1.8,1.2000000000000002,0.93,1.2296296296296294,2.6865671641791042,1983,9,101.5,97.5,101.3,99.7,100.2,100.3,100.1,98.0,98.7,100.5,99.7,101.1,99.1,97.5,97.8,100.3,98.6
1983-10-01,3.15,1.65,1.0499999999999998,0.91,1.1666666666666665,2.462686567164179,1983,10,101.6,96.9,101.4,99.5,101.9,100.1,100.0,100.3,99.1,99.4,99.8,99.9,98.8,97.7,97.0,98.0,98.2
1983-11-01,3.17,1.65,1.0499999999999998,0.89,1.174074074074074,2.462686567164179,1983,11,101.3,96.7,101.2,100.6,101.3,99.9,100.1,101.9,99.3,99.0,99.7,100.7,96.2,95.8,96.3,99.0,98.7
1983-12-01,3.15,1.54,0.9400000000000001,0.87,1.1666666666666665,2.298507462686567,1983,12,100.9,96.8,101.6,101.6,100.8,100.1,99.9,103.0,99.7,98.5,100.2,100.5,97.4,97.1,96.2,103.0,99.1
1984-01-01,3.15,1.54,0.9400000000000001,0.84,1.1666666666666665,2.298507462686567,1984,1,101.2,100.0,102.0,102.8,102.1,100.8,100.3,103.5,101.6,100.5,102.0,101.7,103.6,98.6,99.2,106.8,99.1
1984-02-01,3.11,1.54,0.9400000000000001,0.86,1.1518518518518517,2.298507462686567,1984,2,101.7,102.2,103.0,103.0,102.6,101.4,100.3,104.0,102.3,100.8,103.0,102.3,106.9,96.6,100.6,110.7,99.4
1984-03-01,3.21,1.54,0.9400000000000001,0.87,1.1888888888888889,2.298507462686567,1984,3,102.1,101.9,104.1,103.0,102.9,102.5,100.3,103.9,102.1,101.7,103.0,101.8,107.6,98.0,100.1,109.6,100.5
1984-04-01,3.32,1.54,0.9400000000000001,0.88,1.2296296296296294,2.298507462686567,1984,4,102.3,102.2,105.0,103.7,102.8,102.8,100.6,104.5,102.6,101.1,103.0,103.5,105.0,95.7,100.1,109.1,100.7
1984-05-01,3.34,1.54,0.9400000000000001,0.88,1.237037037037037,2.298507462686567,1984,5,102.3,101.3,105.7,103.5,101.8,103.4,100.4,104.7,100.9,101.7,102.7,103.1,103.3,96.6,99.8,107.0,101.3
1984-06-01,3.36,1.54,0.9400000000000001,0.87,1.2444444444444442,2.298507462686567,1984,6,102.6,99.8,106.0,104.3,101.8,103.9,100.7,105.6,101.3,102.8,102.9,103.2,105.9,96.7,99.4,107.8,101.4
1984-07-01,3.3,1.54,0.9400000000000001,0.84,1.222222222222222,2.298507462686567,1984,7,102.6,99.0,106.0,105.2,101.4,104.1,100.9,107.8,102.5,103.5,103.3,102.9,106.5,96.9,99.6,108.6,101.5
1984-08-01,3.12,1.54,0.9400000000000001,0.84,1.1555555555555554,2.298507462686567,1984,8,102.7,99.8,106.1,106.2,100.8,104.4,101.1,109.3,102.5,104.3,103.9,104.2,109.1,98.2,100.5,106.3,101.6
1984-09-01,2.9,1.58,0.9800000000000001,0.84,1.074074074074074,2.3582089552238807,1984,9,102.6,99.0,106.2,106.2,101.5,104.1,101.9,109.2,103.5,102.8,103.7,103.6,106.4,100.5,99.8,106.6,101.6
1984-10-01,2.65,1.58,0.9800000000000001,0.85,0.9814814814814814,2.3582089552238807,1984,10,103.3,98.7,106.3,107.1,102.2,103.5,102.4,109.1,103.5,102.1,103.7,104.2,106.0,101.0,99.5,105.1,100.3
1984-11-01,2.55,1.56,0.9600000000000001,0.84,0.9444444444444443,2.328358208955224,1984,11,102.9,99.0,106.6,106.8,101.5,103.7,102.9,108.4,103.1,101.2,103.6,104.1,104.8,99.3,99.1,104.6,100.8
1984-12-01,2.56,1.57,0.9700000000000001,0.74,0.9481481481481481,2.343283582089552,1984,12,102.9,100.5,107.1,108.6,100.8,103.9,103.3,108.7,103.9,100.8,104.0,104.1,103.1,102.5,100.4,105.0,101.2
1985-01-01,2.64,1.57,0.9700000000000001,0.74,0.9777777777777777,2.343283582089552,1985,1,103.1,100.6,108.1,108.7,102.7,104.8,103.5,109.5,107.6,103.1,104.7,105.4,106.8,102.8,100.9,106.7,100.8
1985-02-01,2.62,1.58,0.9800000000000001,0.73,0.9703703703703703,2.3582089552238807,1985,2,103.7,100.3,109.6,108.6,103.5,105.7,103.7,109.2,106.3,104.2,105.5,105.9,110.9,102.2,100.8,107.8,100.6
1985-03-01,2.67,1.57,0.9700000000000001,0.8,0.9888888888888888,2.343283582089552,1985,3,104.1,100.2,110.2,108.8,103.6,106.4,103.5,109.1,106.8,104.7,105.5,105.5,110.6,102.9,100.4,106.7,101.6
1985-04-01,2.7,1.68,1.08,0.88,1.0,2.507462686567164,1985,4,104.0,99.6,110.7,109.1,103.6,106.4,103.3,108.8,106.7,103.7,105.5,106.1,110.9,95.6,99.2,106.4,101.8
1985-05-01,2.68,1.62,1.02,0.92,0.9925925925925926,2.417910447761194,1985,5,104.4,97.9,111.1,109.8,103.6,107.2,103.3,108.8,104.9,105.9,105.3,106.8,110.0,96.6,98.1,104.9,101.8
1985-06-01,2.64,1.62,1.02,0.93,0.9777777777777777,2.417910447761194,1985,6,104.4,97.3,111.2,109.9,102.7,107.5,103.1,109.5,105.2,106.7,105.4,106.9,109.5,97.1,98.0,106.0,102.0
1985-07-01,2.6,1.61,1.0100000000000002,0.93,0.9629629629629629,2.4029850746268657,1985,7,104.4,96.3,111.1,110.2,101.5,107.7,103.1,110.2,106.7,107.0,105.5,107.9,109.5,97.5,97.8,105.4,102.8
1985-08-01,2.44,1.58,0.9800000000000001,0.91,0.9037037037037037,2.3582089552238807,1985,8,104.9,95.3,111.6,110.8,102.0,108.1,102.9,109.9,107.6,107.6,105.5,108.0,108.6,98.9,97.3,105.0,102.8
1985-09-01,2.29,1.59,0.9900000000000001,0.82,0.8481481481481481,2.373134328358209,1985,9,104.8,95.0,111.7,111.3,103.0,108.0,103.2,109.1,108.3,106.7,105.6,108.3,106.5,100.0,97.0,106.0,103.1
1985-10-01,2.11,1.6,1.0,0.82,0.7814814814814813,2.388059701492537,1985,10,108.5,95.8,112.4,111.3,103.4,107.8,102.8,107.8,108.1,105.8,105.6,107.5,105.6,100.0,97.3,105.2,102.0
1985-11-01,2.21,1.6,1.0,0.86,0.8185185185185184,2.388059701492537,1985,11,108.1,98.6,113.8,111.1,102.7,108.5,102.8,108.1,111.0,104.7,106.0,107.3,104.7,101.7,99.2,106.4,103.0
1985-12-01,2.29,1.55,0.9500000000000001,0.82,0.8481481481481481,2.3134328358208953,1985,12,108.0,101.1,113.8,112.2,101.8,108.3,102.7,107.4,111.4,104.3,106.7,106.8,107.8,102.2,100.6,108.2,102.5
1986-01-01,2.33,1.52,0.92,0.74,0.8629629629629629,2.2686567164179103,1986,1,108.5,100.3,114.8,111.8,103.4,109.2,102.9,108.1,117.6,106.1,107.6,107.3,111.3,102.6,100.8,107.1,102.6
1986-02-01,2.32,1.35,0.7500000000000001,0.6,0.8592592592592592,2.014925373134328,1986,2,109.0,99.1,115.2,111.8,105.5,109.4,102.9,107.8,114.1,106.4,107.5,107.9,106.8,102.1,100.0,107.3,102.6
1986-03-01,2.29,1.27,0.67,0.46,0.8481481481481481,1.8955223880597014,1986,3,109.0,98.7,115.4,111.8,104.8,109.6,102.7,107.4,115.4,106.2,107.5,107.1,106.3,99.4,99.3,107.1,102.9
1986-04-01,2.3,1.22,0.62,0.5,0.8518518518518517,1.8208955223880596,1986,4,109.5,96.8,115.9,111.4,104.6,109.8,102.7,106.8,115.8,106.1,107.7,107.6,109.7,96.9,97.7,105.9,102.9
1986-05-01,2.39,1.14,0.5399999999999999,0.58,0.8851851851851852,1.7014925373134326,1986,5,109.4,96.4,116.4,112.2,103.4,110.2,102.8,106.3,115.8,107.3,108.0,107.6,112.0,96.3,97.6,107.4,102.7
1986-06-01,2.32,1.04,0.44000000000000006,0.54,0.8592592592592592,1.5522388059701493,1986,6,109.4,96.4,116.2,112.7,103.0,110.5,102.9,106.2,115.1,108.3,108.1,107.6,109.1,99.7,98.5,109.8,103.0
1986-07-01,2.0,0.95,0.35,0.42,0.7407407407407407,1.417910447761194,1986,7,109.5,97.4,117.0,113.3,102.2,110.8,103.3,106.3,118.5,108.3,109.1,108.2,110.0,103.9,101.6,118.0,102.6
1986-08-01,1.73,1.05,0.45000000000000007,0.47,0.6407407407407407,1.5671641791044777,1986,8,109.3,98.6,118.5,114.1,102.8,111.4,103.3,106.5,118.2,108.5,110.0,108.1,110.6,110.7,104.2,125.2,102.4
1986-09-01,1.45,0.96,0.36,0.48,0.537037037037037,1.4328358208955223,1986,9,109.4,99.1,119.5,114.6,103.8,111.6,103.4,105.7,118.5,107.3,110.1,107.9,109.6,114.7,105.6,122.5,102.0
1986-10-01,1.4,0.84,0.24,0.45,0.5185185185185185,1.253731343283582,1986,10,109.5,99.6,119.1,114.8,104.3,110.8,104.0,105.3,119.6,106.4,110.3,107.7,109.4,120.2,105.7,121.7,100.9
1986-11-01,1.47,0.77,0.17000000000000004,0.47,0.5444444444444444,1.1492537313432836,1986,11,109.4,101.0,119.4,115.4,103.9,110.4,104.5,105.6,119.1,104.4,110.6,107.1,109.1,121.1,106.3,120.4,100.7
1986-12-01,1.5,0.75,0.15000000000000002,0.46,0.5555555555555555,1.1194029850746268,1986,12,109.5,101.7,119.5,116.3,101.7,110.7,104.9,105.9,121.2,104.4,110.8,108.2,109.4,121.3,106.6,118.8,101.5
1987-01-01,1.48,0.89,0.29000000000000004,0.54,0.548148148148148,1.3283582089552237,1987,1,110.3,102.9,120.4,115.9,107.2,111.5,105.3,108.5,126.6,106.5,112.1,109.4,114.6,118.9,107.5,117.0,101.0
1987-02-01,1.42,1.01,0.41000000000000003,0.52,0.5259259259259259,1.507462686567164,1987,2,110.8,102.2,122.1,116.0,108.2,112.5,105.9,107.4,127.1,107.1,112.5,109.7,118.3,116.2,106.3,116.4,100.9
1987-03-01,1.47,1.13,0.5299999999999999,0.54,0.5444444444444444,1.6865671641791042,1987,3,111.0,102.9,122.5,117.4,107.4,112.1,105.4,109.0,129.1,106.0,112.5,110.5,117.4,113.3,106.7,114.9,99.6
1987-04-01,1.52,1.17,0.57,0.56,0.5629629629629629,1.7462686567164176,1987,4,111.2,104.0,123.9,117.8,106.0,112.9,105.3,108.0,129.5,106.3,112.8,109.3,120.1,107.5,106.9,113.4,99.6
1987-05-01,1.66,1.36,0.7600000000000001,0.59,0.6148148148148147,2.029850746268657,1987,5,111.5,106.5,124.3,118.1,106.9,113.9,105.7,108.5,128.9,108.3,113.3,109.8,121.8,109.9,108.7,113.2,101.1
1987-06-01,1.69,1.4,0.7999999999999999,0.61,0.6259259259259259,2.08955223880597,1987,6,111.3,108.3,124.1,118.3,105.5,114.1,105.5,107.8,128.3,109.1,113.8,109.8,124.1,112.0,110.6,112.1,101.5
1987-07-01,1.6,1.43,0.83,0.64,0.5925925925925926,2.134328358208955,1987,7,111.5,108.4,124.8,118.1,104.3,114.5,105.3,108.4,129.7,109.5,113.7,110.6,119.6,115.2,111.7,111.0,101.4
1987-08-01,1.47,1.43,0.83,0.63,0.5444444444444444,2.134328358208955,1987,8,111.8,107.8,124.8,118.2,104.7,114.6,105.7,108.3,130.8,109.5,113.8,111.3,117.4,117.5,112.1,112.9,101.7
1987-09-01,1.49,1.28,0.68,0.57,0.5518518518518518,1.9104477611940298,1987,9,112.0,107.4,125.2,118.5,104.8,114.6,106.4,107.8,132.0,108.6,114.1,110.8,117.4,119.2,112.0,112.5,101.8
1987-10-01,1.55,1.2,0.6,0.58,0.5740740740740741,1.7910447761194028,1987,10,112.3,107.8,125.5,119.5,106.2,114.4,106.9,107.4,131.4,107.3,114.3,111.5,117.8,121.4,111.8,111.8,101.1
1987-11-01,1.61,1.12,0.5200000000000001,0.58,0.5962962962962963,1.6716417910447763,1987,11,112.3,108.6,125.3,120.5,104.1,114.9,106.9,108.0,132.3,106.5,114.2,111.6,117.4,120.2,111.1,107.9,104.2
1987-12-01,1.72,1.04,0.44000000000000006,0.49,0.637037037037037,1.5522388059701493,1987,12,112.0,108.5,126.7,121.1,103.3,116.1,106.7,107.7,133.3,105.8,114.7,111.5,123.4,118.1,110.4,107.8,106.3
1988-01-01,1.77,1.05,0.45000000000000007,0.48,0.6555555555555556,1.5671641791044777,1988,1,112.0,107.7,127.4,121.9,106.4,117.4,107.4,108.5,137.2,107.8,115.7,111.2,126.4,119.6,110.1,108.9,108.5
1988-02-01,1.83,1.08,0.4800000000000001,0.5,0.6777777777777778,1.6119402985074627,1988,2,113.1,108.5,128.5,123.3,106.8,118.1,107.3,109.5,137.0,106.9,115.7,111.5,124.7,116.7,110.2,108.4,109.5
1988-03-01,1.86,1.09,0.4900000000000001,0.5,0.6888888888888889,1.626865671641791,1988,3,113.7,109.8,129.6,122.4,107.1,119.1,107.2,110.3,136.0,107.0,115.9,111.6,123.0,118.7,110.9,109.1,111.1
1988-04-01,1.88,1.14,0.5399999999999999,0.57,0.6962962962962962,1.7014925373134326,1988,4,114.0,110.5,130.3,123.9,107.0,119.6,107.1,110.3,139.3,106.3,116.6,112.1,126.0,114.3,110.8,110.2,111.9
1988-05-01,1.94,1.14,0.5399999999999999,0.57,0.7185185185185184,1.7014925373134326,1988,5,114.3,111.7,130.6,123.9,106.4,120.6,107.4,111.2,136.1,108.8,117.0,111.5,127.1,113.0,111.7,114.0,113.4
1988-06-01,2.41,1.14,0.5399999999999999,0.55,0.8925925925925926,1.7014925373134326,1988,6,114.3,114.1,130.3,124.0,105.6,120.6,107.2,111.5,136.0,108.9,117.6,111.7,126.1,115.2,113.8,120.1,113.9
1988-07-01,2.72,1.23,0.63,0.6,1.0074074074074073,1.835820895522388,1988,7,114.6,113.4,132.4,124.9,105.0,122.5,107.6,112.6,138.1,111.1,118.8,112.3,129.0,116.5,113.4,129.0,115.5
1988-08-01,2.65,1.17,0.57,0.59,0.9814814814814814,1.7462686567164176,1988,8,114.8,112.7,135.9,125.9,103.9,125.5,108.2,114.9,137.9,114.8,119.4,112.3,129.9,116.3,113.2,131.7,116.9
1988-09-01,2.6,1.13,0.5299999999999999,0.54,0.9629629629629629,1.6865671641791042,1988,9,114.8,113.6,136.6,125.3,104.5,126.1,108.9,115.9,136.0,115.6,120.2,114.3,133.2,117.6,113.4,133.4,116.9
1988-10-01,2.58,1.16,0.5599999999999999,0.51,0.9555555555555555,1.7313432835820892,1988,10,115.0,113.7,137.2,127.5,105.7,126.4,109.9,117.1,137.4,114.7,120.3,115.6,131.7,117.7,113.0,129.4,117.5
1988-11-01,2.51,1.15,0.5499999999999999,0.54,0.9296296296296295,1.716417910447761,1988,11,114.9,114.7,137.7,128.7,105.5,126.6,110.6,117.1,138.7,112.8,120.2,115.0,129.5,116.1,113.0,127.2,118.7
1988-12-01,2.53,1.13,0.5299999999999999,0.53,0.9370370370370369,1.6865671641791042,1988,12,114.6,114.6,138.8,128.7,104.6,127.2,111.4,118.5,138.9,113.1,120.7,116.3,131.0,115.9,112.7,127.1,118.4
1989-01-01,2.6,1.15,0.5499999999999999,0.54,0.9629629629629629,1.716417910447761,1989,1,115.0,116.0,141.1,130.2,106.9,129.1,112.6,119.6,144.0,115.1,122.2,118.0,134.8,115.8,114.0,128.8,119.6
1989-02-01,2.59,1.13,0.5299999999999999,0.52,0.9592592592592591,1.6865671641791042,1989,2,116.0,116.6,142.9,132.0,108.4,130.1,113.4,120.5,142.9,116.1,122.9,119.8,137.1,115.2,114.3,128.4,119.2
1989-03-01,2.6,1.23,0.63,0.56,0.9629629629629629,1.835820895522388,1989,3,116.4,119.0,144.5,131.7,108.2,131.3,113.8,120.4,144.3,116.3,123.5,120.5,135.7,113.7,115.5,130.3,120.1
1989-04-01,2.56,1.4,0.7999999999999999,0.63,0.9481481481481481,2.08955223880597,1989,4,116.8,119.0,144.8,132.0,108.6,131.7,114.1,121.6,143.3,117.7,124.2,122.1,138.0,114.6,115.6,133.0,120.1
1989-05-01,2.58,1.38,0.7799999999999999,0.64,0.9555555555555555,2.059701492537313,1989,5,117.7,119.6,145.6,133.3,108.0,132.5,113.8,121.6,142.3,119.3,124.9,122.2,142.7,113.7,115.6,137.3,120.2
1989-06-01,2.52,1.36,0.7600000000000001,0.71,0.9333333333333332,2.029850746268657,1989,6,118.1,119.3,146.7,134.0,108.0,133.1,113.6,121.6,142.9,120.3,125.0,122.7,140.2,116.2,116.1,140.1,119.7
1989-07-01,2.47,1.31,0.7100000000000001,0.71,0.9148148148148149,1.9552238805970148,1989,7,118.7,119.5,149.6,133.9,108.5,135.5,114.1,121.6,142.3,123.5,125.5,123.7,140.1,117.0,116.7,138.1,120.4
1989-08-01,2.27,1.17,0.57,0.56,0.8407407407407407,1.7462686567164176,1989,8,118.8,119.7,151.4,135.0,107.0,136.5,114.5,121.7,145.2,124.2,125.8,123.8,138.8,118.4,117.5,136.2,120.1
1989-09-01,2.29,1.25,0.65,0.66,0.8481481481481481,1.8656716417910446,1989,9,118.7,120.0,151.5,136.0,108.1,136.7,116.1,121.3,146.9,123.9,126.1,123.8,136.6,118.8,117.7,134.0,120.9
1989-10-01,2.22,1.24,0.64,0.63,0.8222222222222222,1.8507462686567162,1989,10,119.2,120.0,152.1,138.0,109.9,136.3,118.2,121.6,143.9,123.1,126.5,124.2,137.1,120.8,118.1,131.2,118.7
1989-11-01,2.24,1.09,0.4900000000000001,0.58,0.8296296296296296,1.626865671641791,1989,11,119.7,121.3,151.8,138.6,109.7,136.3,120.2,121.0,142.0,121.4,126.9,124.2,137.8,121.6,119.3,126.8,120.4
1989-12-01,2.27,1.05,0.45000000000000007,0.55,0.8407407407407407,1.5671641791044777,1989,12,119.5,122.1,152.4,139.0,109.8,136.5,122.9,121.6,143.0,121.2,127.4,124.6,136.7,121.9,120.0,127.8,120.1
1990-01-01,2.31,1.26,0.66,0.65,0.8555555555555555,1.880597014925373,1990,1,120.1,124.5,153.3,138.4,111.8,137.8,125.8,123.5,149.0,124.0,130.4,125.4,153.7,121.7,122.3,128.6,121.2
1990-02-01,2.32,1.23,0.63,0.63,0.8592592592592592,1.835820895522388,1990,2,121.2,126.2,153.6,141.0,112.9,137.3,126.9,123.4,150.6,122.8,131.3,126.7,157.9,122.4,123.5,130.5,119.5
1990-03-01,2.37,1.21,0.61,0.62,0.8777777777777778,1.8059701492537312,1990,3,121.7,126.6,155.2,140.6,113.0,138.5,126.8,124.2,148.0,123.5,131.5,126.2,153.9,124.5,124.0,134.8,120.4
1990-04-01,2.51,1.26,0.66,0.67,0.9296296296296295,1.880597014925373,1990,4,122.2,128.0,156.5,141.7,111.7,139.5,125.2,124.3,147.2,122.9,131.3,126.6,149.0,119.6,125.2,132.1,121.8
1990-05-01,2.62,1.29,0.6900000000000001,0.69,0.9703703703703703,1.9253731343283582,1990,5,123.0,128.5,157.9,142.5,110.8,140.5,124.7,125.0,143.8,124.4,131.3,127.2,147.4,125.2,126.6,132.3,121.8
1990-06-01,2.63,1.29,0.6900000000000001,0.67,0.974074074074074,1.9253731343283582,1990,6,123.2,129.0,159.4,141.9,111.7,141.5,124.9,125.5,143.7,126.0,132.0,127.6,147.1,130.5,129.6,134.0,121.3
1990-07-01,2.62,1.26,0.66,0.62,0.9703703703703703,1.880597014925373,1990,7,123.6,129.2,160.0,141.6,111.7,142.6,125.7,126.6,143.3,128.5,132.7,127.8,149.4,133.5,130.3,135.3,122.6
1990-08-01,2.51,1.52,0.92,0.85,0.9296296296296295,2.2686567164179103,1990,8,123.8,128.5,160.2,143.4,112.2,143.0,127.3,127.4,145.2,128.8,132.9,128.4,146.1,136.8,130.5,133.6,123.1
1990-09-01,2.32,1.56,0.9600000000000001,0.94,0.8592592592592592,2.328358208955224,1990,9,124.2,129.5,160.7,144.3,111.8,143.0,127.6,128.2,147.4,127.3,133.2,127.9,145.1,140.6,131.0,134.6,123.5
1990-10-01,2.19,1.55,0.9500000000000001,0.95,0.811111111111111,2.3134328358208953,1990,10,124.4,130.1,160.6,144.5,113.9,142.5,128.6,128.1,147.0,125.8,133.6,128.2,144.7,143.9,131.7,133.7,122.7
1990-11-01,2.16,1.5,0.9,0.91,0.8,2.2388059701492535,1990,11,124.2,131.9,161.8,145.1,113.0,142.8,128.1,128.8,147.0,123.8,134.0,128.0,146.7,145.5,133.1,130.5,123.0
1990-12-01,2.22,1.3,0.7000000000000001,0.76,0.8222222222222222,1.9402985074626866,1990,12,124.0,133.0,163.5,147.2,110.8,143.7,126.7,131.0,148.5,124.0,134.2,128.5,146.5,144.4,133.6,129.7,122.7
1991-01-01,2.27,1.3,0.76,0.77,0.8407407407407407,1.9402985074626866,1991,1,131.8,132.9,165.2,148.9,114.6,146.0,125.2,132.4,151.1,127.3,135.8,130.0,156.9,144.1,133.5,131.3,125.5
1991-02-01,2.32,1.23,0.69,0.67,0.8592592592592592,1.835820895522388,1991,2,137.1,132.6,165.4,149.7,115.2,145.6,125.2,133.1,148.7,125.4,135.5,130.2,154.6,140.6,132.8,132.7,124.7
1991-03-01,2.39,1.25,0.71,0.67,0.8851851851851852,1.8656716417910446,1991,3,137.8,132.9,166.2,149.8,113.8,146.3,124.9,132.5,149.6,124.8,135.8,129.4,155.5,140.5,133.1,131.9,126.5
1991-04-01,2.42,1.28,0.74,0.73,0.8962962962962963,1.9104477611940298,1991,4,137.9,133.4,167.9,150.4,114.5,147.4,124.5,133.0,148.2,125.9,136.7,128.6,162.8,134.9,132.7,131.1,126.2
1991-05-01,2.38,1.33,0.79,0.74,0.8814814814814814,1.9850746268656716,1991,5,138.1,134.1,168.2,150.7,114.0,147.9,124.4,132.6,147.0,126.5,136.8,130.3,163.0,136.5,133.4,132.7,127.2
1991-06-01,2.31,1.27,0.73,0.68,0.8555555555555555,1.8955223880597014,1991,6,138.1,133.2,167.9,151.0,112.3,148.0,123.9,131.6,146.7,127.7,137.2,131.2,166.8,136.6,133.5,131.5,127.3
1991-07-01,2.27,1.24,0.7,0.68,0.8407407407407407,1.8507462686567162,1991,7,138.4,132.6,168.5,150.5,111.0,148.2,124.0,131.6,146.1,127.6,136.5,130.0,158.1,140.3,133.1,132.5,127.0
1991-08-01,2.33,1.28,0.74,0.73,0.8629629629629629,1.9104477611940298,1991,8,138.6,132.3,168.5,151.4,111.5,148.2,124.5,132.1,145.2,127.1,136.0,129.5,150.1,140.5,132.9,132.4,127.3
1991-09-01,2.33,1.21,0.6699999999999999,0.64,0.8629629629629629,1.8059701492537312,1991,9,138.9,131.0,167.8,151.1,111.8,147.3,125.3,131.1,147.8,125.2,136.0,128.8,150.8,141.7,131.9,131.0,126.8
1991-10-01,2.31,1.24,0.7,0.64,0.8555555555555555,1.8507462686567162,1991,10,139.3,130.7,169.1,152.1,113.6,147.9,125.7,131.7,149.4,124.3,135.8,128.6,147.0,142.6,131.3,131.0,127.1
1991-11-01,2.29,1.33,0.79,0.7,0.8481481481481481,1.9850746268656716,1991,11,138.8,131.9,171.3,153.4,112.0,148.7,126.2,129.8,149.5,122.5,136.2,128.8,151.2,143.3,131.5,129.3,126.5
1991-12-01,2.33,1.28,0.74,0.59,0.8629629629629629,1.9104477611940298,1991,12,138.4,131.7,171.4,154.2,111.9,148.8,127.4,129.3,150.4,123.5,136.7,129.3,152.9,137.3,130.8,130.2,126.3
1992-01-01,2.4,1.22,0.6799999999999999,0.54,0.8888888888888888,1.8208955223880596,1992,1,139.6,131.2,172.9,155.0,114.9,150.8,128.2,130.7,154.6,129.4,137.2,130.9,154.8,136.3,130.0,131.2,126.3
1992-02-01,2.46,1.24,0.7,0.57,0.911111111111111,1.8507462686567162,1992,2,140.9,131.8,173.4,154.3,116.6,151.5,128.1,131.3,151.0,129.6,137.5,131.0,156.9,134.1,130.3,128.1,127.9
1992-03-01,2.49,1.29,0.75,0.61,0.9222222222222223,1.9253731343283582,1992,3,142.1,133.4,173.8,155.2,115.8,151.8,127.8,129.8,152.6,131.9,138.1,131.9,161.3,134.7,131.1,128.2,126.6
1992-04-01,2.48,1.32,0.78,0.64,0.9185185185185184,1.9701492537313432,1992,4,141.9,133.2,174.1,156.0,114.4,152.0,127.4,129.6,153.5,131.3,138.1,129.7,162.0,130.0,130.2,129.2,127.4
1992-05-01,2.49,1.37,0.8300000000000001,0.69,0.9222222222222223,2.044776119402985,1992,5,142.0,132.6,174.3,155.3,114.7,152.9,127.0,130.4,151.6,133.9,137.4,130.1,155.1,132.4,130.3,129.1,128.4
1992-06-01,2.47,1.41,0.8699999999999999,0.7,0.9148148148148149,2.104477611940298,1992,6,142.1,132.7,174.4,154.8,115.6,153.0,127.8,130.2,149.1,134.0,137.4,131.3,151.9,133.5,131.0,130.7,128.3
1992-07-01,2.33,1.35,0.81,0.66,0.8629629629629629,2.014925373134328,1992,7,142.1,130.7,175.9,155.3,113.8,154.3,128.3,129.9,150.4,135.5,137.2,130.5,149.4,137.4,130.0,132.1,129.1
1992-08-01,2.15,1.36,0.8200000000000001,0.65,0.7962962962962962,2.029850746268657,1992,8,141.6,131.4,176.7,155.8,114.8,154.9,129.2,129.5,151.6,136.1,138.0,132.7,153.7,139.7,130.6,133.7,129.5
1992-09-01,2.16,1.41,0.8699999999999999,0.68,0.8,2.104477611940298,1992,9,142.0,131.8,176.5,155.9,115.8,154.8,129.7,129.9,151.2,135.4,138.5,131.4,155.5,137.8,130.9,134.0,129.7
1992-10-01,2.05,1.38,0.8399999999999999,0.67,0.7592592592592592,2.059701492537313,1992,10,142.2,132.6,177.1,155.5,115.5,154.3,130.1,129.9,151.4,132.4,138.3,130.9,153.7,137.9,131.1,133.3,128.8
1992-11-01,1.98,1.33,0.79,0.62,0.7333333333333333,1.9850746268656716,1992,11,141.8,132.9,177.9,156.4,113.3,154.3,129.4,128.5,151.2,131.1,138.3,130.4,154.0,138.2,131.2,133.6,128.4
1992-12-01,1.97,1.26,0.72,0.59,0.7296296296296295,1.880597014925373,1992,12,141.3,132.8,178.1,157.7,113.7,154.4,129.1,128.4,152.0,130.2,138.7,130.2,156.2,134.9,131.1,133.7,128.9
1993-01-01,2.03,1.14,0.5999999999999999,0.58,0.7518518518518518,1.7014925373134326,1993,1,142.0,135.1,178.0,156.5,115.8,155.1,129.5,130.2,157.2,133.3,139.8,132.6,160.9,135.5,132.3,134.6,129.3
1993-02-01,2.0,1.23,0.69,0.59,0.7407407407407407,1.835820895522388,1993,2,143.0,135.6,180.0,157.8,117.6,156.2,128.8,130.7,157.5,133.1,139.9,130.8,159.4,135.1,132.1,133.1,129.8
1993-03-01,2.1,1.2,0.6599999999999999,0.66,0.7777777777777778,1.7910447761194028,1993,3,142.7,136.3,181.0,156.9,116.9,156.7,128.8,130.2,157.8,132.5,140.1,132.5,159.1,138.7,133.1,135.7,130.1
1993-04-01,2.16,1.21,0.6699999999999999,0.65,0.8,1.8059701492537312,1993,4,142.7,137.6,182.8,158.6,115.2,157.4,128.0,130.2,159.7,131.0,140.6,132.1,160.8,131.5,133.8,135.2,129.9
1993-05-01,2.14,1.19,0.6499999999999999,0.66,0.7925925925925926,1.7761194029850744,1993,5,142.1,138.2,184.2,157.8,116.1,158.7,128.0,129.4,154.7,133.9,141.1,131.6,164.5,134.4,134.7,136.6,129.8
1993-06-01,2.09,1.14,0.5999999999999999,0.62,0.774074074074074,1.7014925373134326,1993,6,142.2,137.6,183.5,160.2,115.5,157.9,129.8,130.1,154.8,132.8,140.4,133.4,154.2,135.8,134.9,136.5,129.1
1993-07-01,2.22,1.09,0.55,0.57,0.8222222222222222,1.626865671641791,1993,7,141.7,137.4,184.1,159.8,114.7,158.6,130.2,130.4,153.2,134.3,140.3,133.6,152.0,139.6,135.5,136.0,129.7
1993-08-01,2.25,1.12,0.5800000000000001,0.58,0.8333333333333333,1.6716417910447763,1993,8,141.7,137.4,183.8,159.7,114.8,158.5,130.5,130.1,154.1,134.2,140.8,134.1,154.2,141.0,135.6,137.5,129.7
1993-09-01,2.21,1.12,0.5800000000000001,0.58,0.8185185185185184,1.6716417910447763,1993,9,142.1,137.0,184.5,159.9,114.4,158.6,129.6,130.0,155.4,132.5,141.1,134.7,157.1,141.1,135.5,138.0,129.9
1993-10-01,2.28,1.16,0.6199999999999999,0.61,0.8444444444444443,1.7313432835820892,1993,10,142.2,137.2,184.1,160.0,116.6,157.9,129.5,130.0,157.4,131.8,141.6,135.8,158.7,142.4,135.9,139.2,128.6
1993-11-01,2.45,1.11,0.5700000000000001,0.56,0.9074074074074074,1.6567164179104479,1993,11,142.3,138.0,186.7,161.1,117.2,159.1,129.5,129.2,158.9,130.0,141.9,135.8,160.4,142.2,136.3,139.7,129.0
1993-12-01,2.67,1.16,0.6199999999999999,0.46,0.9888888888888888,1.7313432835820892,1993,12,142.0,137.7,186.5,163.2,115.6,159.6,130.2,129.4,158.7,129.9,142.7,135.4,166.5,137.1,135.9,141.1,131.7
1994-01-01,2.7,1.13,0.5899999999999999,0.46,1.0,1.6865671641791042,1994,1,142.4,137.3,187.6,163.5,116.9,162.1,131.6,131.3,163.2,133.9,143.7,139.1,169.8,138.7,136.1,140.5,136.1
1994-02-01,2.79,1.16,0.6199999999999999,0.51,1.0333333333333332,1.7313432835820892,1994,2,142.8,136.9,187.9,164.2,116.7,163.0,131.8,131.5,160.9,134.8,142.9,138.0,161.7,138.2,136.0,140.4,138.4
1994-03-01,2.74,1.13,0.5899999999999999,0.52,1.0148148148148148,1.6865671641791042,1994,3,143.0,138.0,189.4,163.4,117.2,163.7,131.8,132.6,161.8,133.7,143.2,138.4,162.7,139.2,136.4,140.1,138.5
1994-04-01,2.65,1.12,0.5800000000000001,0.55,0.9814814814814814,1.6716417910447763,1994,4,142.9,137.1,190.6,162.9,115.7,164.7,131.8,133.2,163.7,133.1,143.4,138.0,161.8,134.4,136.0,140.9,140.3
1994-05-01,2.6,1.12,0.5800000000000001,0.56,0.9629629629629629,1.6716417910447763,1994,5,142.6,137.1,190.2,162.5,115.8,164.9,132.0,133.4,161.6,134.9,143.5,140.2,163.2,138.5,136.2,141.8,140.8
1994-06-01,2.61,1.19,0.6499999999999999,0.59,0.9666666666666666,1.7761194029850744,1994,6,142.9,136.1,191.1,164.3,115.2,165.6,132.2,133.5,162.6,136.4,143.5,139.9,161.6,140.9,135.4,143.6,140.3
1994-07-01,2.29,1.25,0.71,0.63,0.8481481481481481,1.8656716417910446,1994,7,142.7,134.4,192.1,165.6,114.3,166.6,131.8,135.1,163.2,137.1,144.2,140.4,164.4,140.9,134.7,144.1,141.6
1994-08-01,2.16,1.32,0.78,0.68,0.8,1.9701492537313432,1994,8,142.1,134.9,193.1,165.9,114.8,167.1,131.8,134.1,163.6,137.5,144.8,139.9,162.8,142.6,135.1,141.7,141.2
1994-09-01,2.19,1.26,0.72,0.59,0.811111111111111,1.880597014925373,1994,9,142.0,135.1,191.2,165.3,115.8,165.6,131.3,134.2,164.9,136.6,145.0,139.9,163.2,142.6,135.0,143.3,140.0
1994-10-01,2.06,1.21,0.6699999999999999,0.52,0.762962962962963,1.8059701492537312,1994,10,142.1,135.3,192.0,166.7,116.0,165.8,131.5,135.0,164.8,134.9,145.0,139.6,162.9,141.2,135.0,141.5,140.1
1994-11-01,1.99,1.22,0.6799999999999999,0.56,0.7370370370370369,1.8208955223880596,1994,11,142.1,134.5,191.0,167.3,115.1,164.4,131.7,134.3,167.0,132.2,145.3,136.3,165.7,140.1,134.6,140.2,139.0
1994-12-01,2.13,1.18,0.6399999999999999,0.5,0.7888888888888888,1.761194029850746,1994,12,141.8,134.7,191.0,169.2,115.2,164.5,131.6,134.2,166.9,132.3,146.8,136.5,180.3,134.8,133.7,140.4,139.5
1995-01-01,2.19,1.25,0.71,0.53,0.811111111111111,1.8656716417910446,1995,1,142.0,135.8,191.1,165.5,117.4,165.5,132.7,136.4,169.0,138.4,147.5,140.1,180.4,134.9,134.9,140.2,138.3
1995-02-01,2.23,1.27,0.73,0.56,0.8259259259259258,1.8955223880597014,1995,2,142.5,136.6,190.5,168.4,120.5,165.5,132.1,136.8,170.4,138.7,147.4,140.0,177.1,135.8,134.9,141.4,139.8
1995-03-01,2.3,1.19,0.6499999999999999,0.57,0.8518518518518517,1.7761194029850744,1995,3,143.1,136.9,190.5,167.0,120.5,165.8,132.2,136.8,171.2,138.8,147.4,140.2,174.0,140.6,135.5,143.3,140.8
1995-04-01,2.36,1.16,0.6199999999999999,0.63,0.874074074074074,1.7313432835820892,1995,4,143.4,136.2,193.8,167.8,120.7,166.8,132.1,137.2,171.6,136.8,148.4,139.6,183.1,132.1,134.9,142.3,139.0
1995-05-01,2.42,1.12,0.5800000000000001,0.67,0.8962962962962963,1.6716417910447763,1995,5,143.5,134.9,193.5,168.5,119.0,167.5,132.8,137.1,171.9,140.3,148.3,140.2,181.0,137.4,134.7,141.6,139.9
1995-06-01,2.51,1.08,0.54,0.61,0.9296296296296295,1.6119402985074627,1995,6,143.2,133.9,192.1,168.9,119.4,167.2,132.2,136.4,172.1,141.6,147.9,140.8,177.5,137.1,134.0,142.9,140.6
1995-07-01,2.63,1.08,0.54,0.56,0.974074074074074,1.6119402985074627,1995,7,142.6,133.5,193.6,169.4,118.6,167.9,132.9,138.0,170.4,142.2,148.1,141.8,176.7,138.1,134.2,142.5,139.8
1995-08-01,2.63,1.1,0.56,0.57,0.974074074074074,1.6417910447761195,1995,8,143.3,133.0,193.5,170.6,119.1,168.3,132.8,137.5,170.9,144.4,148.4,141.8,174.0,141.8,135.1,142.8,139.8
1995-09-01,2.69,1.11,0.5700000000000001,0.58,0.9962962962962962,1.6567164179104479,1995,9,143.1,133.3,191.6,169.0,120.4,167.5,132.3,137.4,173.5,143.9,148.9,141.5,178.1,142.6,135.5,145.9,141.3
1995-10-01,2.79,1.11,0.5700000000000001,0.58,1.0333333333333332,1.6567164179104479,1995,10,143.6,134.3,193.8,170.5,120.2,168.1,133.2,138.3,173.3,143.1,149.4,141.2,177.2,145.7,137.0,146.1,139.5
1995-11-01,2.87,1.12,0.5800000000000001,0.61,1.0629629629629629,1.6716417910447763,1995,11,143.8,135.2,191.8,171.6,120.0,166.8,133.7,137.8,172.9,140.8,149.4,141.3,175.2,145.0,137.7,146.3,140.5
1995-12-01,3.07,1.16,0.6199999999999999,0.63,1.1370370370370368,1.7313432835820892,1995,12,143.1,134.6,194.1,171.6,118.5,168.6,135.0,137.5,172.1,140.6,149.9,140.4,177.9,144.2,137.2,146.3,142.8
1996-01-01,3.09,1.22,0.6799999999999999,0.66,1.1444444444444444,1.8208955223880596,1996,1,144.1,135.0,194.3,171.4,120.8,169.9,136.3,139.7,174.7,147.0,151.0,141.9,181.5,140.9,137.6,148.0,142.5
1996-02-01,3.37,1.23,0.69,0.67,1.248148148148148,1.835820895522388,1996,2,145.5,134.8,194.3,171.8,120.9,169.7,137.2,139.7,172.1,146.3,150.8,142.5,177.7,143.4,137.5,149.4,142.4
1996-03-01,3.51,1.23,0.69,0.74,1.2999999999999998,1.835820895522388,1996,3,146.3,134.4,195.4,171.8,120.4,170.8,136.7,140.1,173.0,147.4,151.6,142.6,183.7,144.9,137.6,148.0,143.4
1996-04-01,3.85,1.3,0.76,0.82,1.4259259259259258,1.9402985074626866,1996,4,146.4,133.9,196.1,173.0,121.4,170.7,137.0,139.9,172.1,143.8,152.3,141.7,188.4,135.5,136.9,147.6,144.2
1996-05-01,4.14,1.37,0.8300000000000001,0.78,1.5333333333333332,2.044776119402985,1996,5,146.6,131.3,194.0,174.2,120.8,170.2,137.6,140.0,173.4,148.8,152.0,143.7,184.1,142.3,136.4,149.6,143.1
1996-06-01,4.2,1.38,0.8399999999999999,0.71,1.5555555555555556,2.059701492537313,1996,6,146.9,131.9,190.2,174.8,120.0,169.6,139.8,140.8,173.7,154.3,152.6,143.5,183.4,144.8,138.8,151.3,144.6
1996-07-01,4.43,1.4,0.8599999999999999,0.69,1.6407407407407406,2.08955223880597,1996,7,146.9,132.3,188.4,173.7,118.9,169.4,142.0,140.5,173.0,157.3,153.2,143.6,184.0,148.9,139.6,152.7,145.7
1996-08-01,4.3,1.54,1.0,0.69,1.5925925925925923,2.298507462686567,1996,8,147.0,134.4,186.3,172.4,120.3,168.8,144.6,140.9,170.2,160.0,153.7,146.2,182.1,153.6,141.8,154.5,145.6
1996-09-01,3.56,1.56,1.02,0.6,1.3185185185185184,2.328358208955224,1996,9,147.6,134.7,184.3,173.5,119.0,166.9,146.7,141.5,171.9,156.2,154.6,144.9,183.6,156.7,143.0,155.8,145.1
1996-10-01,2.88,1.51,0.97,0.64,1.0666666666666667,2.253731343283582,1996,10,147.9,136.0,185.0,176.1,119.4,166.8,149.3,141.6,173.5,155.0,155.4,145.3,185.1,160.9,143.6,157.1,144.1
1996-11-01,2.66,1.3,0.76,0.67,0.9851851851851852,1.9402985074626866,1996,11,147.8,137.3,185.9,178.0,118.9,167.0,149.3,140.8,174.3,151.9,155.9,145.0,186.3,160.7,144.6,157.3,145.4
1996-12-01,2.63,1.16,0.6199999999999999,0.65,0.974074074074074,1.7313432835820892,1996,12,148.0,137.8,186.0,178.8,118.0,166.6,148.6,140.7,175.1,151.2,156.3,143.7,187.2,157.4,144.4,157.8,144.0
1997-01-01,2.69,1.13,0.5899999999999999,0.63,0.9962962962962962,1.6865671641791042,1997,1,148.5,137.5,186.3,179.1,120.4,169.0,147.8,142.3,178.6,158.7,156.5,148.3,187.3,156.1,144.5,158.2,147.3
1997-02-01,2.65,1.13,0.5899999999999999,0.59,0.9814814814814814,1.6865671641791042,1997,2,149.4,136.6,184.8,178.5,120.2,167.7,146.2,142.7,175.3,156.6,156.5,147.7,187.4,155.7,144.0,157.9,147.0
1997-03-01,2.79,1.13,0.5899999999999999,0.59,1.0333333333333332,1.6865671641791042,1997,3,149.5,135.8,186.9,178.9,119.2,168.7,146.1,142.4,178.2,155.0,156.6,146.1,189.3,155.2,143.1,156.3,147.8
1997-04-01,2.8,1.14,0.5999999999999999,0.56,1.037037037037037,1.7014925373134326,1997,4,149.6,136.2,186.2,179.0,118.4,168.7,145.7,142.4,176.9,156.6,156.6,147.6,186.4,151.0,143.4,155.4,147.8
1997-05-01,2.69,1.16,0.6199999999999999,0.54,0.9962962962962962,1.7313432835820892,1997,5,149.9,136.9,187.7,179.5,119.1,169.7,145.4,142.0,176.5,157.6,156.6,146.6,186.4,153.8,143.9,156.6,148.0
1997-06-01,2.56,1.08,0.54,0.52,0.9481481481481481,1.6119402985074627,1997,6,149.6,136.4,187.7,179.3,117.3,169.7,144.1,141.6,176.6,158.1,156.6,148.7,183.7,156.8,144.5,156.7,147.4
1997-07-01,2.42,1.09,0.55,0.54,0.8962962962962963,1.626865671641791,1997,7,149.4,136.5,188.2,178.7,117.2,170.7,143.3,141.4,174.9,159.4,157.0,149.8,184.6,157.4,144.6,157.9,149.6
1997-08-01,2.5,1.15,0.6099999999999999,0.52,0.9259259259259258,1.716417910447761,1997,8,149.6,137.0,189.5,180.2,117.4,171.8,143.4,141.4,177.5,160.4,157.6,150.4,187.3,159.8,145.5,155.6,150.1
1997-09-01,2.52,1.19,0.6499999999999999,0.53,0.9333333333333332,1.7761194029850744,1997,9,149.6,137.2,187.0,177.8,117.5,169.7,143.5,142.0,176.5,157.3,157.9,148.0,188.1,160.2,145.6,156.8,149.7
1997-10-01,2.54,1.19,0.6499999999999999,0.52,0.9407407407407407,1.7761194029850744,1997,10,149.7,137.1,188.4,179.2,118.8,170.0,145.7,141.7,178.4,154.1,158.2,147.6,188.5,159.8,145.2,155.6,150.4
1997-11-01,2.51,1.19,0.6499999999999999,0.54,0.9296296296296295,1.7761194029850744,1997,11,149.3,137.0,187.9,180.2,117.5,169.1,147.0,140.4,178.9,150.8,158.5,148.1,189.5,156.0,144.6,157.4,150.1
1997-12-01,2.52,1.18,0.6399999999999999,0.54,0.9333333333333332,1.761194029850746,1997,12,149.3,136.9,189.0,180.1,116.1,169.6,147.8,140.3,177.2,150.6,158.7,147.8,191.3,154.3,143.4,155.2,149.8
1998-01-01,2.56,1.16,0.6199999999999999,0.54,0.9481481481481481,1.7313432835820892,1998,1,149.9,136.8,187.2,180.1,118.3,169.9,148.3,140.5,180.7,158.3,159.9,150.0,202.1,151.7,143.2,155.1,150.2
1998-02-01,2.55,1.14,0.5999999999999999,0.47,0.9444444444444443,1.7014925373134326,1998,2,150.2,135.9,188.4,181.9,120.1,170.2,147.7,141.5,180.9,156.3,159.4,149.8,193.8,153.4,142.4,155.3,150.2
1998-03-01,2.55,1.04,0.5,0.4,0.9444444444444443,1.5522388059701493,1998,3,150.2,136.8,188.1,181.1,119.4,170.1,148.4,142.2,180.3,157.8,159.7,149.4,196.1,154.5,142.2,155.1,149.8
1998-04-01,2.41,0.96,0.41999999999999993,0.47,0.8925925925925926,1.4328358208955223,1998,4,150.5,136.5,189.0,180.3,118.7,170.6,148.5,140.7,181.0,156.9,159.8,150.4,197.5,143.7,140.8,154.3,150.2
1998-05-01,2.34,0.95,0.4099999999999999,0.47,0.8666666666666666,1.417910447761194,1998,5,150.5,136.3,189.3,179.9,116.9,171.4,148.1,141.2,180.9,161.8,160.3,152.8,203.9,148.3,141.0,155.6,150.1
1998-06-01,2.28,1.01,0.47,0.43,0.8444444444444443,1.507462686567164,1998,6,150.7,136.3,189.2,180.7,117.1,171.9,148.1,143.3,180.5,161.9,160.1,151.2,198.1,149.6,141.5,155.5,151.7
1998-07-01,2.19,1.06,0.52,0.41,0.811111111111111,1.5820895522388059,1998,7,150.5,136.1,190.2,180.2,116.6,172.5,148.2,147.6,181.4,162.6,160.5,151.7,198.2,152.0,141.8,156.6,151.6
1998-08-01,1.89,1.1,0.56,0.38,0.7,1.6417910447761195,1998,8,150.4,137.0,192.0,181.6,116.6,173.8,150.5,149.7,183.5,163.7,161.0,153.5,195.9,151.0,142.2,158.9,152.2
1998-09-01,1.84,1.12,0.5800000000000001,0.39,0.6814814814814815,1.6716417910447763,1998,9,150.8,136.3,189.8,179.9,116.7,171.8,152.9,152.4,181.5,160.9,161.1,152.5,193.5,150.3,141.6,159.3,150.9
1998-10-01,1.91,1.1,0.56,0.43,0.7074074074074074,1.6417910447761195,1998,10,151.0,136.1,191.3,181.4,117.1,172.5,155.0,156.8,183.1,160.4,162.0,152.4,199.5,150.7,141.3,161.1,150.7
1998-11-01,1.93,1.06,0.52,0.37,0.7148148148148148,1.5820895522388059,1998,11,151.3,137.0,192.0,182.9,117.1,171.4,155.9,155.1,183.1,154.5,162.1,150.5,198.8,149.6,141.4,159.6,148.9
1998-12-01,2.0,0.94,0.3999999999999999,0.41,0.7407407407407407,1.4029850746268655,1998,12,151.4,137.1,192.7,184.0,114.9,172.0,157.6,151.9,183.7,153.6,162.3,150.3,200.7,145.1,140.2,159.3,150.0
1999-01-01,2.06,0.94,0.3999999999999999,0.37,0.762962962962963,1.4029850746268655,1999,1,151.9,136.0,193.2,185.3,117.4,173.9,161.2,150.5,183.6,162.6,163.6,154.1,208.6,146.1,139.4,158.5,151.3
1999-02-01,2.05,0.95,0.4099999999999999,0.36,0.7592592592592592,1.417910447761194,1999,2,153.0,137.3,192.2,184.0,119.2,173.2,162.3,150.9,184.3,159.8,163.3,153.2,200.3,143.9,140.6,157.4,151.8
1999-03-01,2.06,1.01,0.47,0.57,0.762962962962963,1.507462686567164,1999,3,152.6,137.0,195.6,182.7,120.4,174.8,161.5,149.4,183.5,158.7,163.3,151.8,199.9,144.8,140.3,158.3,151.7
1999-04-01,2.04,0.96,0.41999999999999993,0.57,0.7555555555555555,1.4328358208955223,1999,4,153.1,137.9,195.4,184.5,119.0,174.7,156.1,149.0,185.3,158.1,163.4,152.0,203.3,139.6,140.5,157.6,151.8
1999-05-01,1.99,0.95,0.4099999999999999,0.52,0.7370370370370369,1.417910447761194,1999,5,153.4,137.9,195.8,185.0,118.8,175.8,156.2,147.2,185.9,163.3,163.7,154.2,207.2,145.0,141.4,155.7,152.5
1999-06-01,1.97,0.9,0.36,0.55,0.7296296296296295,1.3432835820895521,1999,6,153.5,139.4,197.1,183.8,119.1,176.9,156.1,147.5,184.6,164.8,163.6,151.9,203.2,145.1,141.8,156.8,153.1
1999-07-01,1.74,0.95,0.4099999999999999,0.64,0.6444444444444444,1.417910447761194,1999,7,153.9,138.9,196.2,185.2,118.9,176.7,155.7,148.1,184.4,166.8,163.8,153.7,202.0,149.5,142.2,157.3,152.9
1999-08-01,1.75,0.95,0.4099999999999999,0.63,0.6481481481481481,1.417910447761194,1999,8,154.0,138.8,194.7,184.9,117.9,175.7,156.5,148.6,185.2,167.2,164.2,155.2,202.1,150.6,142.8,158.5,152.0
1999-09-01,1.75,0.96,0.41999999999999993,0.71,0.6481481481481481,1.4328358208955223,1999,9,154.4,140.3,195.2,183.1,118.3,175.6,158.7,148.5,184.7,165.7,164.6,155.2,202.6,150.6,143.9,159.8,151.9
1999-10-01,1.69,0.98,0.43999999999999995,0.66,0.6259259259259259,1.4626865671641789,1999,10,154.2,141.6,196.4,185.8,119.7,174.9,164.1,149.0,187.3,159.1,165.1,155.6,202.2,151.5,144.4,158.1,150.5
1999-11-01,1.7,1.09,0.55,0.75,0.6296296296296295,1.626865671641791,1999,11,155.0,142.2,194.1,186.3,118.1,173.3,164.6,145.3,187.9,154.3,165.2,153.9,201.2,150.9,145.3,159.4,151.6
1999-12-01,1.82,1.13,0.5899999999999999,0.74,0.674074074074074,1.6865671641791042,1999,12,155.5,143.1,196.7,189.4,118.6,174.1,162.1,145.1,186.9,150.8,165.4,154.3,204.5,146.6,145.3,157.5,151.4
2000-01-01,1.91,1.1,0.56,0.81,0.7074074074074074,1.6417910447761195,2000,1,156.0,143.2,193.6,186.4,122.1,173.9,160.4,147.0,186.0,161.7,166.1,156.8,208.4,145.0,144.7,159.9,150.8
2000-02-01,1.98,1.14,0.5999999999999999,0.86,0.7333333333333333,1.7014925373134326,2000,2,156.7,144.3,196.1,186.6,125.2,173.5,160.9,145.6,190.0,154.9,166.3,155.7,203.0,148.0,146.4,157.9,148.7
2000-03-01,2.03,1.14,0.5999999999999999,0.91,0.7518518518518518,1.7014925373134326,2000,3,157.7,145.7,196.5,187.0,124.5,174.7,159.1,145.9,189.9,160.9,166.5,154.7,201.7,151.6,148.3,158.6,148.9
2000-04-01,2.03,1.19,0.6499999999999999,0.98,0.7518518518518518,1.7761194029850744,2000,4,157.9,147.0,197.9,186.9,123.3,175.3,160.6,144.8,189.8,158.2,166.6,155.0,201.6,148.5,148.8,158.5,149.8
2000-05-01,2.11,1.25,0.71,0.99,0.7814814814814813,1.8656716417910446,2000,5,157.6,148.0,200.6,186.9,122.9,178.2,159.6,147.0,192.4,162.3,167.3,157.6,204.3,148.5,150.1,159.6,152.7
2000-06-01,1.91,1.35,0.81,1.09,0.7074074074074074,2.014925373134328,2000,6,158.2,149.4,199.6,184.9,123.2,176.4,159.5,146.6,191.9,162.8,167.3,157.4,199.9,149.9,151.7,159.3,148.6
2000-07-01,1.64,1.33,0.79,0.87,0.6074074074074073,1.9850746268656716,2000,7,158.5,149.5,199.3,187.6,124.5,177.2,160.5,148.1,189.7,164.7,168.1,157.6,201.0,154.5,152.7,161.8,150.5
2000-08-01,1.52,1.33,0.79,0.91,0.5629629629629629,1.9850746268656716,2000,8,158.6,150.4,197.9,188.2,124.2,176.8,161.0,148.9,190.7,165.8,168.7,159.9,202.5,158.0,153.9,161.3,151.0
2000-09-01,1.61,1.48,0.94,1.02,0.5962962962962963,2.2089552238805967,2000,9,158.4,150.2,196.7,187.4,123.5,176.5,161.6,148.7,191.9,165.2,168.9,160.2,204.6,158.6,153.8,160.9,152.3
2000-10-01,1.74,1.49,0.95,0.98,0.6444444444444444,2.2238805970149254,2000,10,158.7,148.9,198.8,190.1,122.6,177.7,161.9,149.7,192.8,164.3,169.1,161.1,206.2,161.3,152.9,162.1,153.0
2000-11-01,1.86,1.66,1.1199999999999999,0.94,0.6888888888888889,2.477611940298507,2000,11,159.2,149.3,199.5,190.0,123.5,175.0,161.4,146.5,189.6,149.2,168.9,157.3,207.3,156.4,152.5,157.2,150.4
2000-12-01,1.97,1.72,1.18,0.8,0.7296296296296295,2.5671641791044775,2000,12,159.2,150.9,199.0,192.9,121.1,175.7,161.5,150.2,189.5,151.9,170.0,159.1,215.1,152.5,152.9,160.7,152.0
2001-01-01,1.98,1.77,1.23,0.93,0.7333333333333333,2.6417910447761193,2001,1,159.9,154.8,195.1,192.1,126.0,175.7,163.6,153.0,192.8,161.5,170.9,162.0,212.6,148.1,154.1,160.8,154.0
2001-02-01,1.96,1.7,1.16,0.91,0.7259259259259259,2.5373134328358207,2001,2,160.4,158.6,196.9,191.6,127.4,176.4,163.6,152.6,193.0,163.2,171.3,164.5,211.5,153.2,156.5,161.8,152.6
2001-03-01,1.96,1.51,0.97,0.86,0.7259259259259259,2.253731343283582,2001,3,160.5,160.1,194.9,191.6,126.4,176.0,163.2,153.1,190.7,165.5,171.7,162.5,211.5,156.8,157.9,162.6,153.4
2001-04-01,1.89,1.46,0.9199999999999999,1.08,0.7,2.17910447761194,2001,4,160.6,161.5,198.7,191.4,124.6,176.6,163.4,151.5,192.4,157.2,171.9,164.4,213.3,148.2,158.0,163.1,152.8
2001-05-01,1.82,1.76,1.22,1.24,0.674074074074074,2.626865671641791,2001,5,160.6,161.7,198.6,189.8,124.2,178.2,164.7,154.7,194.6,164.0,172.5,166.2,213.1,153.3,158.9,162.3,155.0
2001-06-01,1.76,1.63,1.0899999999999999,0.85,0.6518518518518518,2.432835820895522,2001,6,160.9,162.5,200.1,189.6,125.0,179.8,166.9,156.7,191.5,167.3,173.0,166.9,211.8,155.8,160.2,164.5,156.0
2001-07-01,1.87,1.41,0.8699999999999999,0.78,0.6925925925925925,2.104477611940298,2001,7,161.3,162.1,201.9,190.2,124.0,180.4,168.3,157.8,191.0,169.9,173.5,169.0,210.7,159.9,160.8,166.6,153.9
2001-08-01,1.9,1.49,0.95,1.01,0.7037037037037036,2.2238805970149254,2001,8,161.4,161.0,202.3,190.7,127.1,181.6,168.9,158.5,189.7,171.2,173.9,166.6,208.8,161.9,160.7,167.5,156.4
2001-09-01,1.91,1.53,0.99,1.01,0.7074074074074074,2.2835820895522385,2001,9,161.9,161.1,201.1,192.5,124.7,179.9,169.4,158.5,189.1,165.8,174.1,168.3,212.1,162.8,161.5,165.4,155.4
2001-10-01,1.84,1.36,0.8200000000000001,0.7,0.6814814814814815,2.029850746268657,2001,10,162.0,161.0,201.7,194.1,126.5,180.7,170.8,159.5,189.5,167.5,174.9,169.8,213.5,166.4,161.8,169.6,156.2
2001-11-01,1.85,1.14,0.5999999999999999,0.6,0.6851851851851851,1.7014925373134326,2001,11,162.2,161.0,202.5,194.4,125.6,179.7,171.2,155.6,189.2,159.2,174.6,168.3,212.9,163.0,161.2,166.4,155.3
2001-12-01,1.98,0.97,0.42999999999999994,0.56,0.7333333333333333,1.4477611940298507,2001,12,161.5,160.2,202.2,196.1,123.3,179.2,170.8,156.9,189.4,158.9,174.7,168.8,214.4,158.5,160.0,167.7,154.7
2002-01-01,1.97,0.94,0.3999999999999999,0.59,0.7296296296296295,1.4029850746268655,2002,1,162.6,159.7,203.4,195.8,126.5,181.5,169.9,158.3,189.2,170.8,175.8,172.7,224.8,158.3,160.0,166.8,154.4
2002-02-01,1.93,0.94,0.3999999999999999,0.61,0.7148148148148148,1.4029850746268655,2002,2,163.7,160.7,204.1,196.8,127.9,181.8,170.1,157.2,186.0,167.9,175.9,172.8,223.3,159.4,159.9,167.8,155.4
2002-03-01,1.94,1.12,0.5800000000000001,0.81,0.7185185185185184,1.6716417910447763,2002,3,163.4,161.8,204.5,196.3,128.5,181.7,169.4,156.4,185.6,166.3,176.1,168.8,225.8,158.9,161.3,168.0,155.4
2002-04-01,1.91,1.05,0.51,0.86,0.7074074074074074,1.5671641791044777,2002,4,163.6,162.3,203.6,195.3,128.1,182.3,168.7,156.5,189.2,168.7,176.2,169.9,223.4,157.3,160.6,166.9,157.3
2002-05-01,1.93,0.95,0.4099999999999999,0.83,0.7148148148148148,1.417910447761194,2002,5,163.9,162.1,204.3,195.8,124.6,182.8,169.0,155.9,191.0,174.3,175.8,169.9,221.0,159.6,160.6,167.0,155.4
2002-06-01,1.97,1.03,0.49,0.82,0.7296296296296295,1.537313432835821,2002,6,164.2,160.2,204.1,194.8,123.0,182.9,168.0,154.6,188.1,172.9,175.8,171.5,217.4,162.9,160.5,165.6,156.7
2002-07-01,2.13,1.16,0.6199999999999999,0.88,0.7888888888888888,1.7313432835820892,2002,7,164.4,159.7,203.4,195.6,123.0,183.2,167.6,154.9,191.2,176.9,176.0,173.8,217.4,161.9,160.2,167.2,156.6
2002-08-01,2.38,1.35,0.81,0.85,0.8814814814814814,2.014925373134328,2002,8,164.5,160.0,202.3,194.6,123.2,182.1,167.2,154.1,187.2,177.7,176.0,171.4,217.0,162.4,160.7,166.1,154.8
2002-09-01,2.47,1.28,0.74,0.88,0.9148148148148149,1.9104477611940298,2002,9,164.0,159.6,200.0,197.1,125.8,180.9,166.3,155.3,186.9,174.9,176.4,172.1,218.4,163.2,159.9,167.8,155.7
2002-10-01,2.34,1.2,0.6599999999999999,0.96,0.8666666666666666,1.7910447761194028,2002,10,164.8,159.7,201.7,198.0,126.4,181.9,166.5,155.9,187.4,172.4,176.5,171.7,217.4,162.3,159.5,166.6,157.3
2002-11-01,2.28,1.25,0.71,0.8,0.8444444444444443,1.8656716417910446,2002,11,164.7,160.3,202.7,199.9,125.1,180.8,167.1,153.4,187.4,163.6,176.8,169.4,219.8,158.4,159.7,168.1,156.4
2002-12-01,2.32,1.21,0.6699999999999999,0.85,0.8592592592592592,1.8059701492537312,2002,12,164.6,161.1,202.2,199.9,124.9,180.1,167.3,152.8,187.4,165.0,177.3,168.6,224.9,155.3,160.3,166.6,154.6
2003-01-01,2.33,1.15,0.6099999999999999,0.92,0.8629629629629629,1.716417910447761,2003,1,165.4,161.3,202.8,200.3,126.5,183.2,166.4,155.8,187.8,177.8,177.5,169.0,227.1,157.0,159.5,165.4,157.4
2003-02-01,2.34,1.3,0.76,1.11,0.8666666666666666,1.9402985074626866,2003,2,165.6,166.6,204.8,202.2,126.7,184.6,167.2,158.7,189.4,174.9,178.3,171.0,223.3,160.3,163.2,167.2,159.6
2003-03-01,2.33,1.44,0.8999999999999999,1.07,0.8629629629629629,2.1492537313432836,2003,3,166.6,168.6,206.2,202.7,125.9,186.1,167.1,157.5,186.8,180.3,178.6,170.6,223.6,158.6,163.6,167.6,159.4
2003-04-01,2.34,1.25,0.71,0.95,0.8666666666666666,1.8656716417910446,2003,4,166.1,169.1,205.5,201.8,126.6,184.6,165.8,156.1,187.3,174.9,178.4,169.0,221.3,153.2,164.1,168.2,158.5
2003-05-01,2.38,1.12,0.5800000000000001,0.96,0.8814814814814814,1.6716417910447763,2003,5,166.3,168.3,205.1,201.3,126.4,186.3,165.4,157.6,189.6,182.1,178.8,172.7,226.2,157.2,164.0,165.9,160.9
2003-06-01,2.34,1.27,0.73,0.94,0.8666666666666666,1.8955223880597014,2003,6,166.5,170.3,205.5,202.6,125.4,187.1,163.9,156.5,191.2,184.7,179.6,174.4,227.3,160.4,166.6,167.7,161.4
2003-07-01,2.17,1.28,0.74,0.98,0.8037037037037036,1.9104477611940298,2003,7,166.6,171.8,206.4,203.5,123.2,187.8,164.7,156.3,189.5,185.3,179.7,174.2,226.6,162.8,168.0,168.9,162.0
2003-08-01,2.15,1.27,0.73,1.1,0.7962962962962962,1.8955223880597014,2003,8,166.4,172.9,206.3,200.7,124.9,187.4,167.5,157.7,191.8,186.1,180.4,176.0,224.9,164.5,169.2,169.0,160.6
2003-09-01,2.2,1.38,0.8399999999999999,0.96,0.8148148148148149,2.059701492537313,2003,9,167.0,175.5,201.9,203.7,126.3,184.2,170.3,157.6,191.0,178.7,180.7,175.0,224.4,168.3,171.0,169.7,160.9
2003-10-01,2.12,1.38,0.8399999999999999,0.98,0.7851851851851852,2.059701492537313,2003,10,167.1,182.1,202.5,205.0,126.7,183.7,171.8,159.7,190.5,176.1,181.7,171.9,226.3,171.1,174.6,172.5,159.6
2003-11-01,2.2,1.65,1.1099999999999999,0.89,0.8148148148148149,2.462686567164179,2003,11,167.4,195.6,201.6,204.2,123.6,183.3,171.2,157.3,192.5,168.8,182.4,173.0,227.5,167.1,181.3,172.5,162.7
2003-12-01,2.31,1.72,1.18,0.91,0.8555555555555555,2.5671641791044775,2003,12,167.4,198.9,203.2,205.1,124.8,183.9,173.0,157.7,192.5,171.4,183.6,173.2,232.4,162.4,182.7,174.4,161.1
2004-01-01,2.39,1.4,0.8599999999999999,1.04,0.8851851851851852,2.08955223880597,2004,1,168.1,194.2,204.3,204.8,127.2,186.6,172.4,160.7,194.1,180.8,183.8,176.3,232.4,161.6,180.6,174.5,163.4
2004-02-01,2.61,1.37,0.8300000000000001,1.1,0.9666666666666666,2.044776119402985,2004,2,168.6,193.5,204.4,203.3,129.4,186.8,172.1,162.3,193.2,179.4,184.1,177.6,229.7,162.2,180.2,174.1,164.4
2004-03-01,2.75,1.69,1.15,1.17,1.0185185185185184,2.5223880597014925,2004,3,169.8,190.1,200.5,206.4,128.2,184.7,171.9,166.2,190.6,180.1,184.4,174.9,230.1,164.3,179.0,177.8,163.8
2004-04-01,2.89,1.8,1.26,1.23,1.0703703703703704,2.6865671641791042,2004,4,170.6,191.4,200.6,205.9,127.0,183.9,174.0,166.2,192.8,173.4,184.5,173.5,228.3,155.2,179.0,178.1,163.9
2004-05-01,2.87,1.73,1.19,1.45,1.0629629629629629,2.5820895522388057,2004,5,170.2,195.0,202.4,206.8,127.5,186.1,185.9,169.4,193.9,181.1,186.1,176.9,231.7,162.6,182.1,181.6,164.7
2004-06-01,2.79,1.86,1.32,1.27,1.0333333333333332,2.7761194029850746,2004,6,170.7,197.5,203.9,206.5,127.8,187.2,188.8,171.3,193.4,182.7,186.3,174.5,226.7,160.6,184.2,182.6,165.1
2004-07-01,2.51,1.68,1.14,1.32,0.9296296296296295,2.507462686567164,2004,7,169.9,198.3,202.0,206.8,128.5,186.3,187.7,171.9,195.6,185.0,186.8,177.0,224.5,165.7,185.8,184.9,164.1
2004-08-01,2.34,1.58,1.04,1.27,0.8666666666666666,2.3582089552238807,2004,8,170.1,197.4,203.5,205.4,128.7,187.2,184.9,169.7,194.1,182.6,186.8,178.1,224.0,169.5,185.7,186.8,165.7
2004-09-01,2.2,1.56,1.02,1.3,0.8148148148148149,2.328358208955224,2004,9,171.3,196.9,204.4,206.4,127.8,186.9,181.6,170.4,195.1,179.0,186.7,177.6,226.0,173.3,185.9,186.4,164.8
2004-10-01,2.14,1.87,1.33,1.42,0.7925925925925926,2.791044776119403,2004,10,171.2,195.6,205.7,205.8,128.3,186.8,182.1,170.2,195.8,175.5,187.9,177.5,240.0,175.4,185.0,186.9,164.3
2004-11-01,2.05,1.97,1.43,1.32,0.7592592592592592,2.9402985074626864,2004,11,171.5,196.7,204.9,209.2,126.7,185.6,180.9,167.8,196.5,168.9,188.2,173.8,248.3,171.9,185.2,183.4,164.5
2004-12-01,2.04,1.8,1.26,1.17,0.7555555555555555,2.6865671641791042,2004,12,170.9,197.1,205.7,209.4,127.5,185.7,180.1,167.4,196.9,165.4,188.5,171.4,250.8,169.2,185.6,183.3,165.0
2005-01-01,2.12,1.72,1.21,1.31,0.7851851851851852,2.5671641791044775,2005,1,171.3,197.2,203.5,207.7,130.0,187.0,183.3,170.4,199.4,181.3,189.1,177.0,242.9,170.2,185.9,183.8,165.4
2005-02-01,1.95,1.56,1.05,1.37,0.7222222222222222,2.328358208955224,2005,2,172.2,200.2,205.8,209.5,130.4,187.7,181.8,169.3,196.9,181.7,188.8,176.3,234.8,170.6,187.2,182.0,164.1
2005-03-01,2.02,1.31,0.8,1.6,0.7481481481481481,1.9552238805970148,2005,3,172.7,201.6,206.5,208.7,130.6,188.2,181.4,167.0,196.2,179.8,189.1,174.7,233.7,170.0,187.6,185.0,165.2
2005-04-01,2.0,1.2,0.69,1.64,0.7407407407407407,1.7910447761194028,2005,4,172.9,201.6,204.6,209.0,132.0,187.2,182.2,169.4,199.4,181.0,190.2,177.2,240.1,175.8,188.3,184.1,164.8
2005-05-01,1.98,1.2,0.69,1.51,0.7333333333333333,1.7910447761194028,2005,5,172.2,204.7,204.1,208.9,131.1,188.0,183.3,167.8,198.6,184.2,190.6,178.6,244.7,176.2,189.1,183.7,166.3
2005-06-01,2.03,1.42,0.9099999999999999,1.6,0.7518518518518518,2.1194029850746268,2005,6,172.3,204.1,203.3,209.2,131.5,186.4,181.0,164.5,199.5,182.0,190.4,176.5,238.4,177.5,189.2,184.9,163.7
2005-07-01,2.11,1.78,1.27,1.66,0.7814814814814813,2.6567164179104474,2005,7,172.1,199.9,202.6,209.8,132.6,186.9,181.6,167.3,199.7,183.7,190.8,180.2,240.3,179.1,187.7,185.9,165.4
2005-08-01,1.95,2.07,1.5599999999999998,2.0,0.7222222222222222,3.0895522388059695,2005,8,172.2,198.9,205.3,208.6,131.6,188.0,182.9,167.6,200.4,182.3,190.9,177.7,236.6,180.1,187.0,186.9,165.3
2005-09-01,1.9,2.74,2.2300000000000004,2.2,0.7037037037037036,4.08955223880597,2005,9,172.8,197.9,202.3,208.9,133.9,185.6,181.8,169.4,200.4,179.8,191.4,181.5,240.8,179.1,186.8,188.9,164.0
2005-10-01,1.82,2.47,1.9600000000000002,1.82,0.674074074074074,3.6865671641791047,2005,10,172.6,198.4,202.0,211.1,133.8,185.9,182.6,168.6,202.0,176.1,192.1,179.1,245.7,181.8,186.6,186.5,166.5
2005-11-01,1.77,2.09,1.5799999999999998,1.55,0.6555555555555556,3.1194029850746263,2005,11,172.6,199.1,201.4,212.3,132.2,184.5,183.5,166.2,204.1,171.4,192.4,176.8,246.4,177.7,187.3,187.6,165.3
2005-12-01,1.92,1.99,1.48,1.63,0.711111111111111,2.970149253731343,2005,12,171.5,201.5,201.3,213.9,133.1,185.1,183.2,165.2,204.4,171.6,192.9,177.5,252.3,172.9,187.8,183.8,167.1
2006-01-01,2.0,2.13,1.6199999999999999,1.75,0.7407407407407407,3.17910447761194,2006,1,173.3,202.8,200.3,212.9,135.7,186.0,183.7,169.9,206.3,181.8,194.1,179.4,258.5,170.0,187.9,181.5,167.1
2006-02-01,2.02,2.52,2.01,1.67,0.7481481481481481,3.761194029850746,2006,2,174.7,202.9,195.3,213.8,134.7,183.9,183.4,170.4,206.1,180.0,194.0,182.9,253.4,174.6,188.2,181.4,169.4
2006-03-01,2.06,2.42,1.91,1.92,0.762962962962963,3.6119402985074625,2006,3,175.4,204.0,196.9,212.9,134.9,185.4,183.0,168.5,205.2,182.5,194.0,179.7,248.5,176.9,188.6,182.1,170.1
2006-04-01,2.11,2.45,1.9400000000000002,2.22,0.7814814814814813,3.656716417910448,2006,4,175.1,203.0,200.7,212.7,132.3,186.6,181.3,165.0,206.4,177.4,193.7,179.7,246.6,171.4,188.4,180.5,170.1
2006-05-01,2.17,3.04,2.5300000000000002,2.18,0.8037037037037036,4.537313432835821,2006,5,175.2,201.2,200.6,213.9,132.9,187.7,181.0,168.6,208.1,184.0,194.2,178.1,248.0,172.6,187.5,180.1,170.7
2006-06-01,2.14,3.58,3.0700000000000003,2.22,0.7925925925925926,5.343283582089552,2006,6,175.8,200.3,201.9,213.9,133.9,188.1,179.6,167.3,210.2,184.3,194.5,175.7,248.0,173.7,187.9,182.4,170.0
2006-07-01,2.14,3.14,2.63,2.39,0.7925925925925926,4.686567164179104,2006,7,175.2,198.9,201.2,214.7,132.6,189.0,180.8,166.9,208.7,185.2,195.0,178.8,249.1,176.8,187.8,180.9,173.1
2006-08-01,2.09,2.72,2.21,2.31,0.774074074074074,4.059701492537314,2006,8,174.7,201.6,201.9,214.6,134.2,189.4,180.0,167.5,212.3,187.5,195.5,181.3,249.2,178.7,189.0,183.8,172.3
2006-09-01,2.2,2.33,1.82,1.7,0.8148148148148149,3.4776119402985075,2006,9,174.7,201.1,198.4,213.9,134.4,186.8,179.9,167.9,213.7,184.3,196.2,179.6,258.2,180.3,190.0,183.9,171.3
2006-10-01,2.55,1.89,1.38,1.62,0.9444444444444443,2.820895522388059,2006,10,175.3,202.4,198.9,214.3,135.6,187.4,182.0,169.1,213.7,182.9,197.1,177.7,261.6,183.1,190.5,182.9,172.8
2006-11-01,2.88,2.25,1.74,1.65,1.0666666666666667,3.3582089552238803,2006,11,175.0,203.8,200.5,217.0,135.6,188.2,180.6,168.1,211.8,179.2,196.8,178.1,256.8,177.5,190.7,181.8,174.4
2006-12-01,3.01,2.43,1.9200000000000002,1.69,1.1148148148148147,3.626865671641791,2006,12,174.0,202.6,202.3,216.1,133.6,189.0,181.0,166.7,211.6,177.0,197.0,178.7,257.2,173.6,189.4,182.5,174.9
2007-01-01,3.05,2.26,1.7499999999999998,1.49,1.1296296296296295,3.3731343283582085,2007,1,175.84400000000002,203.168,197.456,215.783,137.781,188.202,183.453,170.15200000000002,214.642,189.91400000000002,198.812,178.99200000000002,262.949,172.747,190.58700000000002,181.808,174.58700000000002
2007-02-01,3.44,2.12,1.61,1.74,1.274074074074074,3.1641791044776117,2007,2,177.46400000000003,205.78599999999997,204.051,218.981,137.96200000000002,192.826,183.77900000000002,171.667,215.407,188.986,200.0,182.084,268.565,170.358,190.291,183.213,178.49400000000003
2007-03-01,3.43,2.31,1.8,2.02,1.2703703703703704,3.4477611940298507,2007,3,178.96400000000003,208.731,201.68400000000003,219.77599999999998,141.433,191.577,185.72400000000002,170.851,214.915,189.168,200.403,180.43,263.91,176.106,193.33700000000002,185.958,178.352
2007-04-01,3.39,2.37,1.86,2.25,1.2555555555555555,3.5373134328358207,2007,4,178.705,212.567,204.166,220.579,138.941,193.61,185.821,169.817,218.301,189.64,200.82,178.197,261.967,169.135,194.097,188.833,180.347
2007-05-01,3.49,2.46,1.95,2.66,1.2925925925925925,3.671641791044776,2007,5,178.84099999999998,212.838,204.567,219.113,139.29,194.63400000000001,187.266,171.495,220.692,191.111,201.791,181.15599999999998,264.71,176.34900000000002,196.266,190.428,182.141
2007-06-01,3.53,2.43,1.9200000000000002,2.41,1.3074074074074074,3.626865671641791,2007,6,179.743,213.19400000000002,206.33700000000002,219.61700000000002,139.484,195.713,191.435,171.581,221.255,192.774,202.44099999999997,178.62900000000002,258.337,179.75400000000002,197.65599999999998,194.449,181.94400000000002
2007-07-01,3.32,2.51,1.9999999999999998,2.49,1.2296296296296294,3.7462686567164174,2007,7,179.297,211.658,205.56099999999998,221.636,140.84799999999998,196.331,197.899,173.69099999999997,219.28,194.237,203.12099999999998,182.635,254.61599999999999,181.68900000000002,196.21599999999998,194.94299999999998,184.33599999999998
2007-08-01,3.26,2.43,1.9200000000000002,2.33,1.2074074074074073,3.626865671641791,2007,8,179.87,211.83599999999998,205.674,221.37900000000002,141.539,196.59400000000002,201.739,174.25099999999998,219.887,195.707,203.885,182.493,252.845,181.99,196.09799999999998,195.39700000000002,184.342
2007-09-01,3.28,1.93,1.42,2.3,1.2148148148148146,2.880597014925373,2007,9,179.93900000000002,213.937,206.197,222.72799999999998,142.716,196.303,203.541,174.105,219.62599999999998,194.875,204.94099999999997,183.393,259.1,182.77700000000002,196.24400000000003,197.05900000000003,183.035
2007-10-01,3.29,1.79,1.28,2.24,1.2185185185185186,2.671641791044776,2007,10,180.50599999999997,212.487,207.322,224.28,142.74200000000002,196.485,205.31900000000002,176.05,222.125,191.77700000000002,205.796,181.12900000000002,263.64799999999997,182.93599999999998,196.639,195.604,183.112
2007-11-01,3.44,2.08,1.57,2.52,1.274074074074074,3.1044776119402986,2007,11,180.243,213.706,209.324,228.29,140.72899999999998,197.142,205.959,175.327,221.275,190.78900000000002,206.27700000000002,180.16,268.407,180.889,196.80599999999998,194.62400000000002,182.399
2007-12-01,3.77,2.24,1.7300000000000002,2.35,1.3962962962962961,3.3432835820895526,2007,12,179.709,212.808,207.828,228.738,138.194,196.793,205.299,176.06799999999998,221.63299999999998,190.014,206.704,179.76,272.482,175.954,195.558,193.998,183.958
2008-01-01,3.98,2.29,1.78,2.43,1.4740740740740739,3.417910447761194,2008,1,181.66400000000002,212.771,203.125,227.868,143.657,198.75900000000001,206.905,181.813,223.52900000000002,202.292,208.618,184.081,279.072,176.625,195.998,196.92700000000002,193.982
2008-02-01,4.54,2.31,1.8,2.53,1.6814814814814814,3.4477611940298507,2008,2,183.477,213.88,205.915,229.248,146.45600000000002,203.571,208.166,184.878,223.68200000000002,208.76,209.166,183.96099999999998,272.129,173.4,195.643,195.804,201.857
2008-03-01,4.7,2.46,1.95,2.67,1.7407407407407407,3.671641791044776,2008,3,183.639,215.226,211.38299999999998,232.71200000000002,144.528,207.287,206.171,182.808,222.2,215.53099999999998,209.385,184.00599999999997,268.44599999999997,173.875,195.935,196.05200000000002,201.459
2008-04-01,5.14,2.59,2.08,2.89,1.9037037037037035,3.865671641791044,2008,4,184.351,212.782,208.577,234.47099999999998,147.035,208.229,207.68,190.64,228.053,224.33700000000002,211.102,187.209,272.746,181.26,196.45,197.452,206.175
2008-05-01,5.27,2.73,2.2199999999999998,3.22,1.9518518518518515,4.074626865671641,2008,5,183.84900000000002,215.92700000000002,211.396,237.889,143.192,212.808,207.778,193.364,230.082,231.132,212.054,190.36,276.481,178.31799999999998,197.301,199.072,213.148
2008-06-01,5.47,2.72,2.21,3.37,2.0259259259259257,4.059701492537314,2008,6,183.94799999999998,219.52900000000002,210.592,240.39700000000002,144.476,214.42,209.11700000000002,196.15,232.428,233.40900000000002,213.243,192.585,277.957,179.421,199.73,199.82299999999998,218.81099999999998
2008-07-01,5.25,2.9,2.3899999999999997,3.3,1.9444444444444444,4.3283582089552235,2008,7,184.609,221.362,214.396,243.426,145.095,219.58900000000003,213.981,201.205,233.597,236.94799999999998,215.299,193.071,280.209,184.665,202.266,201.813,227.08599999999998
2008-08-01,5.26,2.75,2.24,3.1,1.948148148148148,4.104477611940299,2008,8,184.887,226.613,213.429,243.058,144.461,220.05700000000002,214.748,203.05900000000003,236.81,236.085,216.422,192.71400000000003,283.296,185.925,205.78099999999998,203.545,230.576
2008-09-01,5.01,2.68,2.17,2.94,1.8555555555555554,4.0,2008,9,186.00599999999997,227.046,214.86599999999999,244.396,149.614,220.575,213.533,206.274,238.28099999999998,232.248,217.696,193.595,285.986,189.218,208.114,205.067,231.06400000000002
2008-10-01,4.37,2.51,1.9999999999999998,2.02,1.6185185185185185,3.7462686567164174,2008,10,187.25799999999998,229.37099999999998,216.09900000000002,246.86599999999999,152.274,221.955,212.733,208.3,239.933,230.98,218.738,195.41,285.48400000000004,194.328,209.748,204.44,233.69400000000002
2008-11-01,4.26,2.1,1.59,1.33,1.5777777777777775,3.1343283582089554,2008,11,187.49099999999999,226.511,218.075,249.715,151.755,222.94799999999998,213.102,205.80599999999998,238.113,228.357,218.74900000000002,195.025,283.677,189.96900000000002,207.953,205.6,234.285
2008-12-01,4.11,1.61,1.1,1.07,1.5222222222222221,2.4029850746268657,2008,12,187.666,226.019,217.93,248.707,151.095,222.639,210.838,206.71,238.75900000000001,229.875,218.805,195.63400000000001,281.70599999999996,185.40099999999998,206.864,205.222,233.018
2009-01-01,4.36,1.67,1.22,1.26,1.614814814814815,2.4925373134328357,2009,1,189.15599999999998,223.028,217.012,249.76,154.922,223.511,209.632,206.886,241.085,237.438,219.675,201.274,282.601,186.74099999999999,205.752,204.90400000000002,234.637
2009-02-01,3.87,1.67,1.22,1.28,1.4333333333333333,2.4925373134328357,2009,2,190.122,224.80700000000002,214.81799999999998,249.25400000000002,155.453,222.06400000000002,204.537,205.359,239.61599999999999,237.937,219.205,198.137,278.721,184.727,205.821,204.528,233.771
2009-03-01,3.85,1.62,1.1700000000000002,1.4,1.4259259259259258,2.417910447761194,2009,3,190.231,221.627,215.043,249.59599999999998,157.917,221.52,199.687,204.77599999999998,239.12,233.885,218.6,198.929,274.759,187.81099999999998,204.043,205.168,233.13099999999997
2009-04-01,3.85,1.62,1.1700000000000002,1.43,1.4259259259259258,2.417910447761194,2009,4,189.105,220.592,217.584,250.495,153.767,221.023,197.12400000000002,200.46400000000003,240.019,231.226,218.162,199.66400000000002,274.297,176.97099999999998,202.118,206.958,228.053
2009-05-01,3.96,1.7,1.25,1.76,1.4666666666666666,2.5373134328358207,2009,5,189.47400000000002,219.472,217.292,248.58599999999998,154.27200000000002,222.11700000000002,196.055,200.679,242.324,234.81900000000002,217.826,196.69299999999998,274.006,181.982,200.88,205.236,230.709
2009-06-01,4.01,1.81,1.36,2.03,1.485185185185185,2.701492537313433,2009,6,190.12400000000002,218.782,216.771,251.55900000000003,155.259,221.285,194.197,201.127,243.359,235.113,217.74,199.518,272.608,182.422,200.674,206.965,228.903
2009-07-01,3.6,1.72,1.27,1.99,1.3333333333333333,2.5671641791044775,2009,7,190.484,213.66400000000002,221.854,249.217,153.946,224.551,193.118,201.03099999999998,243.952,238.088,217.257,201.03,270.94,183.85299999999998,198.36,203.168,229.141
2009-08-01,3.33,1.72,1.27,2.0,1.2333333333333332,2.5671641791044775,2009,8,190.894,216.015,219.579,249.80900000000003,153.561,223.497,192.38099999999997,200.578,242.02200000000002,234.00799999999998,217.35,197.157,267.309,186.793,199.225,205.02599999999998,231.31099999999998
2009-09-01,3.25,1.69,1.24,1.85,1.2037037037037037,2.5223880597014925,2009,9,190.49200000000002,215.231,218.747,247.90200000000002,152.826,221.455,193.35299999999998,200.00900000000001,240.53900000000002,232.139,217.218,197.833,267.60900000000004,182.78400000000002,198.472,203.012,227.03099999999998
2009-10-01,3.61,1.94,1.49,1.99,1.3370370370370368,2.8955223880597014,2009,10,191.02,214.083,216.787,251.99200000000002,154.533,220.47,195.36,199.916,236.88400000000001,228.532,217.52599999999998,196.054,269.467,183.732,197.797,201.699,228.69299999999998
2009-11-01,3.65,2.14,1.6900000000000002,2.06,1.3518518518518516,3.1940298507462686,2009,11,191.761,216.546,219.275,254.53099999999998,150.67600000000002,220.2,193.91400000000002,196.47299999999998,239.085,218.13400000000001,217.265,189.59099999999998,269.832,176.662,197.197,201.822,227.231
2009-12-01,3.6,2.15,1.7,2.01,1.3333333333333333,3.2089552238805967,2009,12,190.51,215.426,218.174,255.34900000000002,151.851,219.487,194.792,197.391,238.671,220.166,217.637,188.80700000000002,273.189,169.673,196.202,202.158,226.18900000000002
2010-01-01,3.66,1.95,1.5,2.11,1.3555555555555556,2.9104477611940296,2010,1,190.59599999999998,213.17,215.054,251.468,155.805,219.053,198.949,200.22,242.19400000000002,230.787,218.87400000000002,198.299,279.119,177.13299999999998,197.144,200.924,226.635
2010-02-01,3.55,1.83,1.3800000000000001,2.03,1.3148148148148147,2.7313432835820897,2010,2,191.208,215.12900000000002,214.97,253.40200000000002,157.834,219.347,198.8,200.919,237.88099999999997,230.666,218.778,196.83599999999998,274.96299999999997,176.69799999999998,198.12,202.083,227.734
2010-03-01,3.55,1.7,1.25,2.24,1.3148148148148147,2.5373134328358207,2010,3,190.782,217.34599999999998,215.5,251.82299999999998,156.747,218.42,198.81400000000002,198.567,236.327,225.237,219.032,196.475,280.431,182.42,199.583,201.65400000000002,225.797
2010-04-01,3.41,1.6,1.1500000000000001,2.31,1.2629629629629628,2.388059701492537,2010,4,190.33900000000003,223.378,216.905,250.933,155.972,218.65900000000002,197.308,197.74900000000002,240.577,222.824,219.218,192.188,279.272,181.365,202.565,203.25599999999997,224.922
2010-05-01,3.48,1.68,1.23,2.15,1.2888888888888888,2.507462686567164,2010,5,190.40400000000002,226.048,217.38099999999997,251.93599999999998,154.019,218.308,197.74900000000002,199.51,241.43200000000002,224.045,219.37400000000002,196.618,277.887,184.799,205.111,202.521,222.59
2010-06-01,3.41,1.64,1.19,2.11,1.2629629629629628,2.4477611940298503,2010,6,190.45,228.49900000000002,214.935,251.11599999999999,153.048,217.083,197.947,199.375,243.96900000000002,222.722,219.218,195.71099999999998,271.907,190.083,208.075,203.99900000000002,223.49099999999999
2010-07-01,3.49,1.62,1.1700000000000002,2.12,1.2925925925925925,2.417910447761194,2010,7,191.59400000000002,228.08,214.362,250.017,154.89700000000002,217.808,198.99099999999999,200.50599999999997,245.22799999999998,225.298,219.12099999999998,195.041,265.967,194.44400000000002,209.02,205.12099999999998,225.854
2010-08-01,3.65,1.86,1.4100000000000001,2.09,1.3518518518518516,2.7761194029850746,2010,8,191.183,226.713,216.37,249.59900000000002,155.97299999999998,218.59,198.71200000000002,201.764,243.222,226.354,219.49099999999999,195.449,265.914,193.56599999999997,209.097,203.69,224.43099999999998
2010-09-01,4.08,2.18,1.7300000000000002,2.12,1.511111111111111,3.253731343283582,2010,9,191.33700000000002,227.46400000000003,214.109,249.83900000000003,155.507,216.60299999999998,199.042,201.97099999999998,244.47,223.80900000000003,220.21599999999998,194.50799999999998,268.832,197.465,210.632,205.773,223.06900000000002
2010-10-01,4.32,2.33,1.8800000000000001,2.19,1.6,3.4776119402985075,2010,10,191.956,229.636,213.847,250.56900000000002,152.89,215.68099999999998,201.291,203.614,245.581,221.57,220.61599999999999,191.12900000000002,270.2,201.03799999999998,212.908,207.976,221.43099999999998
2010-11-01,4.55,2.47,2.02,2.21,1.6851851851851851,3.6865671641791047,2010,11,191.12099999999998,230.021,213.55599999999998,254.924,153.826,214.425,201.27700000000002,202.375,249.137,215.13099999999997,220.61700000000002,188.782,269.91700000000003,193.28599999999997,212.24900000000002,206.037,220.24099999999999
2010-12-01,4.82,2.27,1.82,2.41,1.7851851851851852,3.388059701492537,2010,12,190.623,228.65200000000002,215.28099999999998,254.335,149.589,217.695,202.05599999999998,200.476,248.725,217.174,220.946,188.774,277.089,188.865,210.27599999999998,204.707,226.68200000000002
2011-01-01,4.94,2.39,1.9400000000000002,2.56,1.8296296296296297,3.5671641791044775,2011,1,191.602,233.817,215.89700000000002,254.39700000000002,158.19,220.239,202.34900000000002,207.813,251.13,229.727,222.912,195.12,285.619,192.925,213.62099999999998,205.202,229.208
2011-02-01,5.65,2.44,1.99,2.66,2.0925925925925926,3.6417910447761193,2011,2,192.75900000000001,238.28400000000002,218.245,250.139,156.55700000000002,221.78900000000002,203.51,210.50799999999998,252.81400000000002,231.105,223.799,192.74200000000002,286.76599999999996,192.465,216.32299999999998,206.188,229.46599999999998
2011-03-01,5.53,2.58,2.13,2.99,2.0481481481481483,3.8507462686567164,2011,3,192.269,243.84099999999998,220.13099999999997,250.989,158.357,223.43900000000002,206.16099999999997,214.352,254.447,235.055,225.35,193.67700000000002,290.279,198.43200000000002,220.377,206.114,229.957
2011-04-01,6.36,2.72,2.27,3.27,2.3555555555555556,4.059701492537314,2011,4,192.387,246.68,220.354,252.345,157.313,222.445,209.707,213.81799999999998,256.495,230.46200000000002,226.15,194.308,286.501,192.845,222.41400000000002,207.94400000000002,228.05900000000003
2011-05-01,6.32,2.72,2.27,3.27,2.3407407407407406,4.059701492537314,2011,5,191.87099999999998,249.197,223.523,250.426,157.03,225.99,211.327,216.37,262.166,240.23,226.976,198.967,284.17400000000004,197.454,225.05900000000003,209.56900000000002,230.207
2011-06-01,6.38,2.76,2.3099999999999996,2.97,2.3629629629629627,4.119402985074626,2011,6,191.81400000000002,247.331,226.013,252.791,158.204,228.24599999999998,212.28599999999997,218.771,263.994,243.077,227.36,199.263,280.721,201.709,224.47,210.196,231.903
2011-07-01,6.33,2.9,2.4499999999999997,3.09,2.344444444444444,4.3283582089552235,2011,7,191.297,249.36599999999999,222.766,252.27900000000002,158.951,227.16299999999998,214.78099999999998,221.325,264.528,245.68900000000002,228.31599999999997,201.597,282.018,201.94799999999998,226.23,210.71,233.29
2011-08-01,6.88,2.94,2.4899999999999998,2.97,2.548148148148148,4.388059701492537,2011,8,191.322,250.37599999999998,226.16299999999998,256.108,160.004,229.495,216.72,223.50900000000001,263.376,246.05599999999998,229.554,198.775,282.579,207.019,227.739,210.543,234.49599999999998
2011-09-01,6.37,2.88,2.4299999999999997,2.9,2.359259259259259,4.298507462686567,2011,9,191.29,250.43900000000002,227.291,258.82599999999996,160.28799999999998,230.828,219.38099999999997,224.77,264.307,248.275,230.57299999999998,201.80599999999998,286.865,210.40900000000002,228.495,211.924,235.91
2011-10-01,5.71,2.72,2.27,2.83,2.1148148148148147,4.059701492537314,2011,10,192.03799999999998,251.726,223.65900000000002,261.416,161.065,230.166,219.493,226.21599999999998,263.1,245.787,231.017,206.362,284.269,208.94799999999998,229.294,213.774,241.011
2011-11-01,5.84,2.88,2.4299999999999997,2.69,2.162962962962963,4.298507462686567,2011,11,191.52700000000002,252.615,227.65599999999998,266.291,160.144,232.75099999999998,218.767,224.907,263.881,242.18,230.79,203.89,282.605,203.782,229.271,212.31799999999998,243.31599999999997
2011-12-01,5.86,2.49,2.04,2.6,2.1703703703703705,3.7164179104477615,2011,12,191.132,254.85,229.27700000000002,265.564,159.013,233.416,218.458,227.601,265.682,243.127,231.301,206.012,283.55,199.58599999999998,229.98,214.514,242.236
2012-01-01,6.07,2.21,2.21,2.69,2.248148148148148,3.2985074626865667,2012,1,193.433,257.747,228.66400000000002,263.43,163.314,234.15900000000002,220.49200000000002,234.252,266.694,252.15900000000002,232.666,207.15599999999998,285.437,197.808,230.525,215.77700000000002,242.99200000000002
2012-02-01,6.28,2.2,2.2,2.98,2.325925925925926,3.283582089552239,2012,2,194.166,258.29200000000003,227.984,265.139,163.379,233.362,219.377,233.196,262.899,250.56400000000002,232.486,206.976,281.072,195.138,230.595,216.64700000000002,242.217
2012-03-01,6.35,2.29,2.29,3.27,2.3518518518518516,3.417910447761194,2012,3,193.91299999999998,260.39099999999996,227.997,265.139,162.009,232.66,219.13099999999997,233.41099999999997,264.372,252.104,232.792,205.155,279.057,204.357,232.34400000000002,219.608,238.975
2012-04-01,6.34,2.27,2.27,3.16,2.348148148148148,3.388059701492537,2012,4,193.215,261.127,228.862,268.23900000000003,160.97899999999998,233.662,216.918,231.745,268.063,252.102,233.234,205.265,281.64799999999997,201.296,231.732,220.68099999999998,240.69299999999998
2012-05-01,6.33,2.22,2.22,2.95,2.344444444444444,3.3134328358208958,2012,5,193.50900000000001,262.75,230.326,264.753,159.628,235.054,216.09599999999998,233.294,267.046,254.33599999999998,233.33900000000003,211.146,283.149,201.83599999999998,231.454,217.653,241.615
2012-06-01,6.37,2.13,2.13,2.84,2.359259259259259,3.17910447761194,2012,6,193.666,264.346,229.232,263.686,159.629,234.12099999999998,215.485,232.09599999999998,268.247,258.194,233.563,212.813,283.67900000000003,205.767,231.938,220.921,239.215
2012-07-01,7.14,2.55,2.55,2.87,2.644444444444444,3.805970149253731,2012,7,193.701,265.908,228.805,265.764,159.325,234.36900000000003,214.43400000000003,232.067,268.78,258.08099999999996,233.63,211.577,280.173,204.247,232.46200000000002,223.575,241.183
2012-08-01,7.63,2.72,2.72,2.87,2.8259259259259255,4.059701492537314,2012,8,192.93599999999998,264.84,228.52700000000002,264.564,160.541,233.554,214.549,231.46200000000002,266.92,256.69599999999997,234.15599999999998,210.75,280.672,209.299,233.50799999999998,222.422,239.321
2012-09-01,6.89,2.52,2.52,2.87,2.5518518518518514,3.761194029850746,2012,9,193.132,264.02099999999996,224.227,264.172,162.639,230.079,215.31099999999998,233.22299999999998,267.697,254.519,234.298,207.02200000000002,282.092,208.77200000000002,232.043,222.185,237.237
2012-10-01,6.77,2.48,2.48,2.87,2.507407407407407,3.7014925373134324,2012,10,193.044,265.45,226.329,269.093,161.61,230.267,217.083,233.074,266.768,252.56,234.878,204.137,284.065,207.877,233.24,225.467,233.768
2012-11-01,7.02,2.43,2.43,2.87,2.5999999999999996,3.626865671641791,2012,11,192.93,265.638,228.942,271.437,159.373,231.91,218.921,231.588,266.862,244.726,234.896,203.93200000000002,284.367,199.813,232.192,224.988,236.78900000000002
2012-12-01,6.87,2.4,2.4,2.87,2.596296296296296,3.5820895522388057,2012,12,193.21599999999998,266.552,227.388,269.14799999999997,159.079,231.829,219.44299999999998,231.54,265.475,248.703,235.39,201.55599999999998,288.51599999999996,194.993,231.735,226.643,238.59799999999998
2013-01-01,6.96,2.32,2.32,2.65,2.5777777777777775,3.4626865671641784,2013,1,194.368,266.112,225.185,269.812,162.612,231.28599999999997,220.31900000000002,234.392,267.671,257.057,236.34099999999998,206.227,293.714,195.533,231.489,227.94299999999998,238.53099999999998
2013-02-01,7.04,2.45,2.45,3.14,2.607407407407407,3.656716417910448,2013,2,195.68400000000003,267.171,227.946,267.428,161.998,232.91299999999998,219.52599999999998,232.03599999999997,264.262,254.453,236.301,206.218,293.742,197.176,233.09599999999998,227.483,239.142
2013-03-01,7.13,2.54,2.54,3.05,2.6407407407407404,3.791044776119403,2013,3,195.967,267.351,226.143,269.98900000000003,162.026,231.326,218.123,230.109,266.075,251.63099999999997,236.332,204.453,291.284,204.338,233.278,228.245,238.513
2013-04-01,6.97,2.55,2.55,2.89,2.581481481481481,3.805970149253731,2013,4,195.77900000000002,265.95599999999996,227.52200000000002,269.559,162.678,232.455,218.141,229.981,274.095,256.866,236.84099999999998,204.93400000000003,287.545,196.912,232.47099999999998,229.847,237.502
2013-05-01,6.97,2.65,2.65,3.23,2.581481481481481,3.9552238805970146,2013,5,195.762,267.178,228.125,267.343,159.313,234.095,216.327,230.074,271.585,258.791,236.52599999999998,207.041,289.236,201.565,232.734,229.74200000000002,241.479
2013-06-01,6.97,2.67,2.67,2.9,2.581481481481481,3.9850746268656714,2013,6,195.695,268.134,229.826,269.238,158.626,234.768,216.062,228.602,272.462,257.779,236.792,208.96599999999998,286.643,208.734,233.88299999999998,232.99599999999998,240.4
2013-07-01,6.79,2.58,2.58,2.99,2.5148148148148146,3.8507462686567164,2013,7,196.12900000000002,269.486,229.62,271.233,158.282,234.717,215.92,228.407,273.497,258.29200000000003,237.00099999999998,208.24900000000002,287.77299999999997,208.325,235.158,231.46599999999998,240.49400000000003
2013-08-01,6.02,2.45,2.45,3.02,2.2296296296296294,3.656716417910448,2013,8,196.088,269.187,227.57299999999998,269.192,158.279,233.053,216.791,229.017,274.953,257.241,237.40599999999998,207.298,290.779,211.512,236.497,234.65599999999998,239.47299999999998
2013-09-01,5.4,2.58,2.58,2.92,2.0,3.8507462686567164,2013,9,195.68599999999998,268.393,227.447,273.625,158.756,231.88099999999997,217.007,228.267,277.198,252.058,237.52200000000002,206.364,290.58,214.49,236.93099999999998,235.38099999999997,237.375
2013-10-01,4.61,2.16,2.16,2.79,1.7074074074074075,3.2238805970149254,2013,10,195.612,269.178,227.236,274.188,159.088,232.665,216.59599999999998,228.78,280.198,247.18400000000003,237.87099999999998,200.893,291.767,212.717,237.922,237.06900000000002,242.65599999999998
2013-11-01,4.35,2.19,2.19,2.61,1.611111111111111,3.2686567164179103,2013,11,195.43599999999998,270.613,228.502,276.502,157.049,232.021,217.463,226.04,279.388,239.03400000000002,237.641,195.96200000000002,289.195,206.03799999999998,236.963,232.658,240.40900000000002
2013-12-01,4.31,2.44,2.44,2.59,1.596296296296296,3.6417910447761193,2013,12,196.08,271.159,227.894,273.812,155.629,231.1,218.37599999999998,226.09099999999998,277.682,242.265,237.86900000000003,197.12099999999998,288.13599999999997,198.99599999999998,236.919,233.437,237.153
2014-01-01,4.42,2.1,2.1,2.74,1.6370370370370368,3.1343283582089554,2014,1,197.05,270.8,229.455,272.55,160.08700000000002,233.757,219.362,228.46400000000003,283.814,252.615,238.872,201.435,292.095,200.78400000000002,237.37400000000002,234.232,238.75099999999998
2014-02-01,4.35,2.02,2.02,2.82,1.611111111111111,3.014925373134328,2014,2,196.94299999999998,281.637,226.38400000000001,272.63599999999997,159.922,231.63,220.861,228.377,283.29,254.602,239.608,201.543,292.54,204.71599999999998,241.41400000000002,233.112,236.542
2014-03-01,4.51,2.7,2.7,2.95,1.6703703703703703,4.029850746268656,2014,3,197.088,287.057,227.918,273.236,160.38,233.64,223.063,229.0,281.825,254.505,240.398,199.645,292.944,210.86700000000002,245.388,235.176,240.12599999999998
2014-04-01,4.71,3.15,3.15,2.94,1.7444444444444442,4.701492537313433,2014,4,196.481,295.58099999999996,228.38400000000001,272.416,159.114,232.38400000000001,224.171,227.03099999999998,285.621,250.083,241.33700000000002,201.688,294.509,204.898,251.915,232.77200000000002,237.30200000000002
2014-05-01,4.71,2.44,2.44,2.88,1.7444444444444442,3.6417910447761193,2014,5,196.71200000000002,295.793,228.08900000000003,273.259,158.076,233.582,225.49099999999999,228.333,290.998,251.833,242.34400000000002,202.938,298.626,211.13,254.666,235.61,240.675
2014-06-01,4.49,2.33,2.33,2.97,1.662962962962963,3.4776119402985075,2014,6,196.043,296.1,229.896,272.874,157.80200000000002,233.87900000000002,224.52200000000002,228.548,291.999,254.235,242.326,203.046,295.139,216.35299999999998,255.84900000000002,236.872,237.82
2014-07-01,4.06,2.26,2.26,2.79,1.5037037037037035,3.3731343283582085,2014,7,195.908,297.388,230.331,272.876,158.194,234.987,225.14,230.577,292.032,253.52900000000002,243.03400000000002,207.24400000000003,293.535,224.09400000000002,257.017,237.82299999999998,240.68400000000003
2014-08-01,3.63,2.24,2.24,2.75,1.3444444444444443,3.3432835820895526,2014,8,197.588,309.93,228.627,272.806,158.14,234.30599999999998,226.39,231.53,292.118,254.26,243.81099999999998,201.68,291.16900000000004,233.452,264.322,238.61,241.079
2014-09-01,3.48,2.19,2.19,2.68,1.2888888888888888,3.2686567164179103,2014,9,197.28400000000002,316.04400000000004,225.88400000000001,272.888,158.732,231.46200000000002,227.604,232.775,294.159,249.143,244.63,205.423,293.282,238.459,267.709,238.99099999999999,238.852
2014-10-01,3.56,1.92,1.92,2.46,1.3185185185185184,2.8656716417910446,2014,10,196.972,317.068,229.248,274.436,159.98,232.81900000000002,228.831,233.66099999999997,290.83,245.93099999999998,245.166,201.22,297.528,239.55900000000003,267.67400000000004,236.872,238.766
2014-11-01,3.57,2.37,2.37,2.25,1.322222222222222,3.5373134328358207,2014,11,198.33700000000002,319.51,230.91400000000002,276.905,157.675,231.53099999999998,228.412,229.25099999999998,291.81,239.168,245.192,196.173,293.978,234.507,267.256,238.415,234.82299999999998
2014-12-01,3.78,2.4,2.4,1.73,1.4,3.5820895522388057,2014,12,197.387,321.776,230.769,275.39,157.881,230.37400000000002,229.87,228.352,289.586,237.671,245.976,198.928,297.42900000000003,225.16299999999998,267.048,237.278,232.171
2015-01-01,3.81,1.6,1.6,1.43,1.411111111111111,2.388059701492537,2015,1,197.257,322.16200000000003,229.484,277.375,160.059,234.274,227.8,230.22799999999998,290.187,252.864,246.53799999999998,203.429,298.781,223.955,267.215,238.923,240.148
2015-02-01,3.79,1.5,1.5,1.76,1.4037037037037037,2.2388059701492535,2015,2,197.77,324.308,227.63400000000001,277.96,161.333,233.18,225.535,229.317,287.652,252.521,246.68,202.213,295.686,225.55700000000002,267.185,239.28,239.94299999999998
2015-03-01,3.81,1.53,1.53,1.93,1.411111111111111,2.2835820895522385,2015,3,197.91299999999998,324.612,228.916,278.22900000000004,159.786,234.28900000000002,224.449,226.324,287.73900000000003,249.18200000000002,246.045,201.08599999999998,289.858,224.192,265.816,240.101,242.449
2015-04-01,3.75,1.66,1.66,1.89,1.3888888888888888,2.477611940298507,2015,4,197.146,325.822,230.143,273.531,159.129,235.09799999999998,222.69099999999997,225.898,291.137,248.512,246.12099999999998,198.886,290.178,211.32,263.991,240.017,243.16400000000002
2015-05-01,3.62,1.71,1.71,2.08,1.3407407407407408,2.552238805970149,2015,5,197.357,325.578,230.513,276.262,158.32,235.49400000000003,221.03900000000002,226.09400000000002,288.711,250.703,246.187,206.02599999999998,293.01099999999997,213.419,263.12,235.86700000000002,242.946
2015-06-01,3.58,1.62,1.62,2.28,1.325925925925926,2.417910447761194,2015,6,196.34799999999998,328.468,230.528,277.605,158.231,236.261,219.696,225.93,286.469,250.378,246.68,204.55200000000002,288.968,213.794,264.536,239.178,245.31799999999998
2015-07-01,3.8,1.67,1.67,2.28,1.4074074074074072,2.4925373134328357,2015,7,196.542,327.203,230.69,279.449,159.686,235.467,221.44299999999998,225.298,285.58799999999997,247.516,247.003,204.859,287.816,213.388,264.988,238.125,243.768
2015-08-01,3.68,1.62,1.62,2.29,1.362962962962963,2.417910447761194,2015,8,196.797,325.303,230.31099999999998,280.122,160.711,234.975,220.71599999999998,227.183,287.811,246.918,247.671,206.44099999999997,291.344,215.852,265.154,236.987,243.125
2015-09-01,3.68,1.61,1.61,1.86,1.362962962962963,2.4029850746268657,2015,9,196.6,323.22700000000003,226.458,279.41900000000004,160.684,231.297,222.31,228.236,285.988,246.34,248.632,205.264,295.394,217.486,265.345,234.865,238.495
2015-10-01,3.67,1.65,1.65,1.91,1.3592592592592592,2.462686567164179,2015,10,198.361,319.94,231.90900000000002,282.084,161.035,234.718,221.87400000000002,230.541,281.76599999999996,241.338,249.05200000000002,201.243,297.931,218.64700000000002,264.906,236.15,241.90900000000002
2015-11-01,3.6,1.57,1.57,1.52,1.3333333333333333,2.343283582089552,2015,11,198.03599999999997,315.453,229.607,281.813,158.442,231.769,220.613,225.426,282.827,232.487,248.30599999999998,198.122,298.03700000000003,208.51,261.591,235.428,240.058
2015-12-01,3.65,1.52,1.52,1.38,1.3518518518518516,2.2686567164179103,2015,12,197.28400000000002,307.976,231.21099999999998,281.61400000000003,158.32,232.176,220.84799999999998,227.037,279.822,233.27200000000002,247.903,197.343,299.078,201.479,256.932,232.093,238.446
2016-01-01,3.66,1.43,1.43,1.15,1.3555555555555556,2.134328358208955,2016,1,198.98,303.652,226.15599999999998,283.762,161.428,231.96400000000003,220.86900000000003,228.46900000000002,282.355,245.8,248.63099999999997,202.692,306.796,201.28099999999998,254.215,231.368,241.18099999999998
2016-02-01,3.57,1.46,1.46,1.02,1.322222222222222,2.17910447761194,2016,2,199.908,304.702,229.452,281.606,162.842,233.85,219.732,228.55700000000002,277.92900000000003,244.83,248.8,200.63099999999997,306.778,200.865,254.262,231.41400000000002,241.972
2016-03-01,3.57,1.42,1.42,1.46,1.322222222222222,2.1194029850746268,2016,3,199.493,308.092,227.12900000000002,282.531,162.71,231.364,218.13099999999997,226.859,279.872,239.019,247.97799999999998,200.05200000000002,298.16200000000003,202.653,255.27599999999998,230.46099999999998,240.274
2016-04-01,3.58,1.54,1.54,1.57,1.325925925925926,2.298507462686567,2016,4,199.41099999999997,307.494,226.731,282.389,163.826,231.99400000000003,218.315,227.39700000000002,286.621,243.97400000000002,248.41299999999998,205.669,296.217,197.623,255.1,232.688,241.017
2016-05-01,3.68,1.6,1.6,1.74,1.362962962962963,2.388059701492537,2016,5,198.94400000000002,308.094,226.857,280.693,160.44,232.199,216.122,226.02200000000002,285.23900000000003,246.207,247.86,203.55700000000002,295.974,197.023,254.104,232.18200000000002,240.679
2016-06-01,3.82,1.69,1.69,1.82,1.4148148148148147,2.5223880597014925,2016,6,198.479,306.307,227.774,279.182,160.266,232.16299999999998,214.815,225.31900000000002,285.941,242.653,247.482,204.90099999999998,292.733,205.605,254.264,231.122,240.392
2016-07-01,3.6,1.64,1.64,1.6,1.3333333333333333,2.4477611940298503,2016,7,198.257,302.012,229.139,278.926,161.143,233.59,214.605,226.24200000000002,286.165,246.498,247.554,206.013,291.96,207.125,252.562,230.537,241.15400000000002
2016-08-01,3.21,1.43,1.43,1.73,1.1888888888888889,2.134328358208955,2016,8,198.122,302.478,225.685,279.188,160.725,231.15,215.50599999999997,226.142,284.914,243.30900000000003,247.71900000000002,203.976,292.156,207.93200000000002,253.514,230.195,240.393
2016-09-01,3.22,1.51,1.43,1.75,1.1925925925925926,2.253731343283582,2016,9,198.605,300.457,226.812,281.652,160.411,229.99400000000003,216.69299999999998,226.96099999999998,287.865,242.75900000000001,247.917,201.505,293.423,209.063,252.282,231.423,235.66099999999997
2016-10-01,3.29,1.58,1.58,1.71,1.2185185185185186,2.3582089552238807,2016,10,199.637,295.91200000000003,226.415,281.936,162.107,229.77200000000002,218.183,226.483,284.04,236.59599999999998,248.07299999999998,202.47400000000002,295.616,206.389,250.377,231.48,237.632
2016-11-01,3.23,1.64,1.64,1.55,1.1962962962962962,2.4477611940298503,2016,11,199.037,294.801,226.983,283.871,158.381,228.222,216.773,219.908,285.802,230.43099999999998,247.435,202.46900000000002,293.55400000000003,200.084,248.22799999999998,230.215,234.44299999999998
2016-12-01,3.33,1.7,1.7,1.67,1.2333333333333332,2.5373134328358207,2016,12,198.845,290.748,227.769,283.23900000000003,158.624,228.468,217.929,223.00400000000002,284.052,228.792,247.313,199.50900000000001,291.957,191.459,246.06400000000002,228.209,234.518
2017-01-01,3.4,1.52,1.52,1.76,1.259259259259259,2.2686567164179103,2017,1,200.234,289.966,225.002,285.509,160.93,229.37400000000002,219.804,224.516,285.501,239.922,248.24200000000002,202.583,291.67900000000003,191.646,244.995,228.707,237.498
2017-02-01,3.44,1.51,1.51,1.74,1.274074074074074,2.253731343283582,2017,2,199.993,291.384,226.17,282.395,164.325,229.22099999999998,220.55200000000002,226.13400000000001,287.281,237.60299999999998,248.791,202.28599999999997,292.222,192.93900000000002,246.58,228.979,236.109
2017-03-01,3.49,1.55,1.55,1.76,1.2925925925925925,2.3134328358208953,2017,3,200.365,293.07599999999996,225.579,282.159,163.157,228.354,218.567,227.109,284.543,238.885,249.165,202.451,292.932,204.28900000000002,249.389,231.30900000000003,234.11599999999999
2017-04-01,3.43,1.64,1.64,1.82,1.2703703703703704,2.4477611940298503,2017,4,200.99599999999998,294.466,225.253,283.46,162.356,227.827,217.827,226.858,283.879,235.00099999999998,249.739,204.247,298.164,194.338,248.077,230.537,234.38
2017-05-01,3.45,1.62,1.62,1.75,1.2777777777777777,2.417910447761194,2017,5,199.64,295.19599999999997,225.388,283.151,163.032,228.449,217.015,228.485,288.43,239.738,250.016,205.47799999999998,298.47,193.645,248.51,231.895,234.38400000000001
2017-06-01,3.43,1.6,1.6,1.64,1.2703703703703704,2.388059701492537,2017,6,198.847,303.85200000000003,224.51,282.617,161.61,227.704,215.192,227.858,289.78,236.90200000000002,249.653,207.903,294.788,202.87,251.822,231.78099999999998,234.502
2017-07-01,3.49,1.62,1.62,1.71,1.2925925925925925,2.417910447761194,2017,7,199.22400000000002,307.084,225.28400000000002,282.112,160.274,228.463,216.43400000000003,230.60299999999998,288.966,240.703,250.21400000000003,206.25900000000001,294.935,210.671,255.333,231.926,234.264
2017-08-01,3.27,1.64,1.64,1.82,1.211111111111111,2.4477611940298503,2017,8,199.382,304.918,223.78900000000002,282.774,161.128,228.343,216.537,228.97299999999998,288.42400000000004,239.30599999999998,250.493,205.27700000000002,295.009,209.868,255.29,232.40400000000002,236.57299999999998
2017-09-01,3.27,1.55,1.55,1.95,1.211111111111111,2.3134328358208953,2017,9,200.567,301.58799999999997,224.457,281.738,162.315,227.171,216.56400000000002,229.868,287.94,237.542,250.993,202.325,297.047,207.655,254.301,231.86599999999999,232.868
2017-10-01,3.26,1.19,1.19,1.95,1.2074074074074073,1.7761194029850744,2017,10,201.452,298.647,223.976,281.384,163.48,226.769,217.17,229.835,288.01599999999996,235.46200000000002,251.364,204.86700000000002,299.7,213.643,254.24099999999999,232.25400000000002,233.122
2017-11-01,3.15,0.98,0.98,1.99,1.1666666666666665,1.4626865671641789,2017,11,201.774,299.546,223.375,282.524,159.118,225.271,216.878,225.967,290.402,228.465,250.87099999999998,198.355,296.791,202.804,252.203,230.36599999999999,232.071
2017-12-01,3.23,0.95,0.95,1.84,1.1962962962962962,1.417910447761194,2017,12,201.122,301.064,224.079,282.694,157.7,225.245,216.916,226.37099999999998,288.952,227.737,251.238,198.62900000000002,296.476,196.57,251.835,233.965,231.2
2018-01-01,3.29,1.0,1.0,2.08,1.2185185185185186,1.4925373134328357,2018,1,201.27599999999998,297.178,222.5,288.664,161.636,226.46400000000003,217.89700000000002,228.205,289.064,238.926,252.361,200.347,301.814,194.308,250.78900000000002,231.017,232.821
2018-02-01,3.38,1.11,1.11,2.05,1.2518518518518518,1.6567164179104479,2018,2,202.105,297.508,219.21099999999998,288.306,164.03799999999998,226.25599999999997,216.412,229.72099999999998,285.678,241.662,252.266,199.859,298.503,191.515,250.25799999999998,231.90900000000002,235.75400000000002
2018-03-01,3.51,1.25,1.25,2.06,1.2999999999999998,1.8656716417910446,2018,3,202.136,301.184,220.063,287.58,163.707,226.046,216.497,227.486,289.436,238.655,252.37,199.375,293.87,198.57,252.83599999999998,232.96400000000003,235.062
2018-04-01,3.58,1.31,1.31,2.16,1.325925925925926,1.9552238805970148,2018,4,202.683,306.33799999999997,220.762,285.077,162.408,227.229,216.90599999999998,229.13299999999998,294.618,240.692,253.209,200.143,296.863,194.56799999999998,254.10299999999998,233.085,236.63099999999997
2018-05-01,3.68,1.34,1.34,2.31,1.362962962962963,2.0,2018,5,201.669,302.881,220.894,283.254,161.847,226.92700000000002,215.65900000000002,228.072,292.439,242.503,253.09799999999998,198.576,297.211,199.92700000000002,252.02900000000002,232.97099999999998,235.021
2018-06-01,3.58,1.4,1.4,2.21,1.325925925925926,2.08955223880597,2018,6,202.176,306.24,220.467,289.073,162.689,227.68400000000003,216.12599999999998,226.87099999999998,293.934,241.00099999999998,253.231,198.57299999999998,295.52299999999997,205.612,252.025,233.324,238.15900000000002
2018-07-01,3.47,1.41,1.41,2.26,1.2851851851851852,2.104477611940298,2018,7,201.666,307.501,219.668,286.409,161.335,227.81799999999998,215.622,229.36700000000002,293.656,241.956,253.74599999999998,199.24,297.632,204.692,253.451,234.658,239.269
2018-08-01,3.36,1.31,1.31,2.25,1.2444444444444442,1.9552238805970148,2018,8,201.49200000000002,307.298,221.101,283.752,164.77,228.555,216.435,228.672,297.855,240.13,254.077,200.335,297.644,203.15900000000002,254.583,232.327,239.96099999999998
2018-09-01,3.39,1.2,1.2,2.31,1.2555555555555555,1.7910447761194028,2018,9,202.859,304.366,221.825,285.60400000000004,165.78400000000002,228.602,216.638,229.393,295.797,241.831,254.393,197.74200000000002,298.432,206.46099999999998,252.96,230.108,238.533
2018-10-01,3.41,1.21,1.21,2.22,1.2629629629629628,1.8059701492537312,2018,10,203.847,300.58799999999997,220.252,287.624,167.657,224.065,216.8,228.868,296.172,231.47400000000002,254.358,197.608,298.531,203.382,251.18400000000003,231.5,231.88099999999997
2018-11-01,3.41,1.19,1.19,1.83,1.2629629629629628,1.7761194029850744,2018,11,204.27599999999998,300.666,219.21200000000002,291.586,163.94799999999998,224.32,215.896,225.395,298.392,225.21099999999998,254.37900000000002,196.304,296.362,200.18599999999998,251.047,230.46099999999998,236.105
2018-12-01,3.54,1.08,1.08,1.54,1.3111111111111111,1.6119402985074627,2018,12,204.067,299.35200000000003,221.96599999999998,292.612,164.118,225.635,216.65200000000002,225.233,298.16700000000003,226.287,255.21,195.265,301.134,192.08,249.641,230.602,235.595
2019-01-01,3.56,1.09,1.09,1.51,1.3185185185185184,1.626865671641791,2019,1,204.72299999999998,301.93,219.572,289.577,170.574,225.52,217.079,228.53599999999997,299.64599999999996,236.887,256.41700000000003,194.077,304.605,195.364,251.079,230.12400000000002,234.9
2019-02-01,3.6,1.12,1.12,1.72,1.3333333333333333,1.6716417910447763,2019,2,206.233,302.155,221.578,291.714,172.31400000000002,226.821,216.595,228.762,298.35,235.755,257.222,197.524,304.621,190.12,251.201,232.813,236.109
2019-03-01,3.61,1.18,1.18,2.04,1.3370370370370368,1.761194029850746,2019,3,205.315,304.659,224.248,289.955,172.608,230.342,217.53099999999998,229.08700000000002,297.251,237.658,257.724,199.365,305.399,203.141,253.252,230.655,241.408
2019-04-01,3.52,1.17,1.17,2.25,1.411111111111111,1.7462686567164176,2019,4,204.671,306.389,224.05900000000003,290.258,170.358,228.745,217.51,224.65599999999998,298.33,236.002,257.70799999999997,199.53,303.503,198.315,253.46599999999998,232.40099999999998,237.898
2019-05-01,3.63,1.21,1.21,2.2,1.3444444444444443,1.8059701492537312,2019,5,205.415,309.092,222.799,292.291,171.155,228.305,217.84099999999998,228.817,301.048,238.91099999999997,258.11,198.06099999999998,302.35200000000003,204.382,256.11,232.053,237.412
2019-06-01,3.98,1.36,1.36,1.93,1.4740740740740739,2.029850746268657,2019,6,205.69299999999998,308.185,223.984,291.086,167.821,230.024,217.433,227.018,298.81,238.545,258.064,203.199,298.611,202.671,255.364,232.47099999999998,240.59799999999998
2019-07-01,4.16,1.31,1.31,2.11,1.5407407407407407,1.9552238805970148,2019,7,205.99,309.866,224.03599999999997,292.66200000000003,166.40900000000002,230.425,217.62599999999998,226.63,298.232,241.12599999999998,258.274,203.31,299.35,208.138,257.517,230.398,240.739
2019-08-01,3.93,1.3,1.3,1.91,1.4555555555555555,1.9402985074626866,2019,8,206.297,308.12,220.688,292.71,168.61900000000003,228.385,218.75799999999998,225.31400000000002,298.622,239.327,258.41,200.21,298.6,212.864,256.51,230.637,240.329
2019-09-01,3.8,1.22,1.22,1.99,1.4074074074074072,1.8208955223880596,2019,9,205.95,307.493,220.06799999999998,292.693,170.02599999999998,226.997,219.771,226.372,297.02299999999997,238.68599999999998,258.943,198.0,297.309,214.49200000000002,256.336,229.692,237.62099999999998
2019-10-01,3.84,1.39,1.39,1.91,1.422222222222222,2.0746268656716413,2019,10,206.08700000000002,308.032,220.408,289.839,168.958,226.00900000000001,220.738,226.62900000000002,298.194,232.78,259.632,199.043,301.318,217.18400000000003,257.392,231.472,236.49599999999998
2019-11-01,3.68,1.44,1.44,1.89,1.362962962962963,2.1492537313432836,2019,11,205.127,308.601,218.774,294.04,168.605,224.887,221.515,223.27700000000002,298.291,224.422,259.467,199.326,297.472,210.88,257.298,230.68599999999998,238.49900000000002
2019-12-01,3.71,1.32,1.32,1.82,1.374074074074074,1.9701492537313432,2019,12,204.37599999999998,313.818,221.618,287.726,166.55599999999998,224.896,221.924,221.93,298.123,225.638,259.823,195.858,297.105,199.77200000000002,258.572,234.502,234.282
2020-01-01,3.79,1.15,1.15,1.83,0.4259259259259259,1.716417910447761,2020,1,205.582,313.61,219.421,292.54900000000004,171.88299999999998,226.53,223.035,227.123,300.842,235.71099999999998,261.057,201.196,301.67900000000003,204.34400000000002,259.503,231.801,237.732
2020-02-01,3.78,1.03,1.03,1.78,0.3814814814814815,1.537313432835821,2020,2,207.03,314.232,217.695,288.073,173.62900000000002,226.169,224.44299999999998,226.89,298.721,234.17,261.876,201.604,299.817,209.558,260.41700000000003,232.82,239.446
2020-03-01,3.68,0.84,0.84,1.14,0.31111111111111106,1.253731343283582,2020,3,208.21900000000002,316.27,221.578,292.379,175.423,228.033,225.627,228.497,297.55,235.93900000000002,262.70799999999997,201.175,299.64099999999996,219.842,261.48900000000003,235.803,238.912
2020-04-01,3.29,0.59,0.59,0.63,0.2185185185185185,0.880597014925373,2020,4,209.282,329.50300000000004,224.84400000000002,296.846,181.53900000000002,232.267,228.755,230.824,311.987,238.985,266.757,207.732,304.809,210.33599999999998,270.149,246.99099999999999,244.852
2020-05-01,3.2,0.75,0.75,1.06,0.27777777777777773,1.1194029850746268,2020,5,209.55700000000002,365.48400000000004,228.013,294.435,179.46599999999998,235.715,230.166,231.06900000000002,313.42400000000004,240.77900000000002,268.439,209.38,306.798,221.91,286.185,252.418,249.304
2020-06-01,,0.85,0.85,1.3,0.31481481481481477,1.2686567164179103,2020,6,209.412,385.495,230.49,298.935,182.446,236.93,228.437,230.438,310.716,244.665,269.77,210.497,305.393,227.745,298.033,252.765,248.07299999999998
